# Blender 4.5.1 LTS
# www.blender.org
o Material
v 0.617151 1.672162 -0.248288
v -0.477600 1.750560 -0.257276
v 0.396199 -0.697528 0.533019
v -0.497115 -0.756673 0.586749
v 0.396176 0.314108 0.034855
v -0.444980 0.325550 0.027858
v 0.522050 0.973187 -0.167402
v -0.485666 1.000022 -0.194236
v 0.303524 1.738037 0.039176
v -0.145463 1.760807 0.020036
v -0.245266 -0.801315 0.805332
v 0.120284 -0.817702 0.865233
v -0.201829 0.324203 0.279556
v 0.100570 0.322873 0.279387
v -0.181029 0.969450 0.098229
v 0.183632 0.964080 0.104633
v -0.463547 -0.337310 0.316997
v 0.401251 -0.322270 0.253625
v 0.101336 -0.330204 0.577363
v -0.226735 -0.326634 0.573850
v 0.465020 1.675779 -0.420090
v -0.326878 1.737568 -0.419378
v 0.342310 -0.758665 0.455199
v -0.437205 -0.813879 0.508123
v 0.310976 0.279241 -0.085278
v -0.274419 0.270199 -0.114664
v 0.423499 0.962706 -0.294805
v -0.314475 0.973438 -0.343554
v 0.232025 1.737099 -0.153518
v -0.067392 1.751590 -0.168855
v -0.198959 -0.883527 0.689492
v 0.093852 -0.904472 0.748794
v -0.119596 0.252465 0.092386
v 0.044384 0.255190 0.081089
v -0.096759 0.934682 -0.097416
v 0.122280 0.936324 -0.100544
v -0.363743 -0.403519 0.209675
v 0.318479 -0.386064 0.144784
v 0.050165 -0.439268 0.394564
v -0.152447 -0.433509 0.396257
v 0.559724 1.070124 -0.197145
v 0.592142 1.169572 -0.223710
v 0.616753 1.268803 -0.245336
v 0.632896 1.365175 -0.260924
v 0.640384 1.456060 -0.269547
v 0.639670 1.538829 -0.270487
v 0.631368 1.610850 -0.263085
v -0.199117 1.775130 -0.012713
v -0.250490 1.789800 -0.049892
v -0.298946 1.802122 -0.089612
v -0.343843 1.809403 -0.129984
v -0.384557 1.808982 -0.169135
v -0.420508 1.798332 -0.205257
v -0.451181 1.775094 -0.236619
v -0.470884 -0.412059 0.359436
v -0.481476 -0.481772 0.400784
v -0.491569 -0.546079 0.440959
v -0.499308 -0.604254 0.479046
v -0.503426 -0.655524 0.514003
v -0.503882 -0.699137 0.544772
v -0.501140 -0.734100 0.570109
v 0.167561 -0.808186 0.836207
v 0.213967 -0.795303 0.798443
v 0.257978 -0.779850 0.754294
v 0.298068 -0.762627 0.706111
v 0.332850 -0.744475 0.656349
v 0.361483 -0.726411 0.607868
v 0.383206 -0.709698 0.564096
v 0.395970 -0.251164 0.220694
v 0.391323 -0.175873 0.190250
v 0.387657 -0.097283 0.161849
v 0.385320 -0.016282 0.135043
v 0.384656 0.066245 0.109387
v 0.386013 0.149410 0.084435
v 0.389738 0.232326 0.059739
v -0.477012 0.902959 -0.169591
v -0.468600 0.811805 -0.143652
v -0.460819 0.725425 -0.116622
v -0.454058 0.642690 -0.088700
v -0.448704 0.562467 -0.060090
v -0.445147 0.483624 -0.030992
v -0.443776 0.405029 -0.001609
v 0.145001 0.322694 0.256988
v 0.189894 0.322428 0.230360
v 0.233951 0.321988 0.200451
v 0.275871 0.321286 0.168209
v 0.314353 0.320234 0.134581
v 0.348098 0.318746 0.100514
v 0.375806 0.316733 0.066956
v 0.405524 0.394162 0.009457
v 0.417378 0.473079 -0.016294
v 0.431183 0.551742 -0.042115
v 0.446384 0.631034 -0.067724
v 0.462550 0.711853 -0.092892
v 0.479747 0.795136 -0.117605
v 0.498539 0.881863 -0.142052
v -0.493207 1.686934 -0.270122
v -0.503797 1.610507 -0.276271
v -0.509059 1.521356 -0.275154
v -0.509856 1.422775 -0.267733
v -0.507052 1.318056 -0.254968
v -0.501509 1.210495 -0.237823
v -0.494093 1.103386 -0.217258
v 0.234116 0.965017 0.080123
v 0.284622 0.966174 0.050794
v 0.334040 0.967477 0.017667
v 0.381257 0.968854 -0.018240
v 0.425135 0.970225 -0.055889
v 0.464414 0.971496 -0.094177
v 0.497691 0.972556 -0.131936
v 0.592135 1.699738 -0.225530
v 0.563490 1.727264 -0.191431
v 0.529935 1.744155 -0.152666
v 0.491854 1.752266 -0.111223
v 0.449685 1.753593 -0.069172
v 0.403911 1.750241 -0.028652
v 0.355026 1.744344 0.008183
v 0.249893 1.733123 0.062568
v 0.194609 1.730098 0.078174
v 0.138142 1.729124 0.086203
v 0.080963 1.730368 0.086865
v 0.023543 1.733993 0.080370
v -0.033649 1.740165 0.066927
v -0.090141 1.749048 0.046745
v -0.486675 -0.763577 0.606613
v -0.468374 -0.771662 0.633696
v -0.443344 -0.778923 0.663041
v -0.412093 -0.784936 0.693006
v -0.375283 -0.789620 0.722500
v -0.334226 -0.793478 0.751167
v -0.290396 -0.797160 0.778835
v -0.200048 -0.806375 0.830311
v -0.154901 -0.811897 0.852730
v -0.109722 -0.817220 0.871369
v -0.064407 -0.821682 0.885011
v -0.018852 -0.824623 0.892436
v 0.027045 -0.825381 0.892427
v 0.073390 -0.823294 0.883766
v -0.415830 0.325381 0.065370
v -0.386562 0.325213 0.102306
v -0.357057 0.325044 0.138089
v -0.327196 0.324875 0.172144
v -0.296862 0.324707 0.203894
v -0.265934 0.324539 0.232764
v -0.234297 0.324371 0.258176
v -0.168417 0.324035 0.296411
v -0.133955 0.323868 0.308586
v -0.098341 0.323701 0.316009
v -0.061474 0.323535 0.318612
v -0.023251 0.323368 0.316321
v 0.016429 0.323203 0.309068
v 0.057669 0.323038 0.296780
v -0.449060 0.995521 -0.150794
v -0.412315 0.991086 -0.108007
v -0.375289 0.986779 -0.066532
v -0.337841 0.982667 -0.027023
v -0.299831 0.978813 0.009863
v -0.261120 0.975283 0.043471
v -0.221566 0.972140 0.073145
v -0.139391 0.967261 0.118166
v -0.096629 0.965562 0.132783
v -0.052741 0.964325 0.142007
v -0.007726 0.963520 0.145764
v 0.038418 0.963122 0.143979
v 0.085691 0.963101 0.136578
v 0.134095 0.963429 0.123487
v 0.291585 1.651232 0.047489
v 0.275448 1.547540 0.052701
v 0.259441 1.444854 0.058449
v 0.243630 1.343675 0.065003
v 0.228078 1.244505 0.072629
v 0.212851 1.147848 0.081598
v 0.198014 1.054205 0.092176
v -0.151159 1.671946 0.029865
v -0.155917 1.565609 0.036967
v -0.160585 1.460360 0.044553
v -0.165119 1.356742 0.052866
v -0.169475 1.255298 0.062148
v -0.173609 1.156572 0.072641
v -0.177475 1.061108 0.084588
v 0.169785 0.877765 0.119188
v 0.156614 0.794716 0.135869
v 0.144277 0.714181 0.154653
v 0.132930 0.635408 0.175520
v 0.122729 0.557643 0.198448
v 0.113831 0.480134 0.223417
v 0.106392 0.402128 0.250403
v -0.184243 0.881917 0.113774
v -0.187162 0.797939 0.131288
v -0.189844 0.716720 0.150805
v -0.192351 0.637466 0.172357
v -0.194743 0.559381 0.195975
v -0.197079 0.481673 0.221693
v -0.199421 0.403545 0.249543
v 0.104552 -0.405332 0.621785
v 0.107852 -0.477190 0.666405
v 0.111073 -0.545386 0.709919
v 0.114053 -0.609528 0.751022
v 0.116627 -0.669223 0.788409
v 0.118632 -0.724078 0.820777
v 0.119906 -0.773702 0.846819
v -0.230727 -0.400597 0.612991
v -0.234718 -0.471059 0.651073
v -0.238469 -0.537680 0.687166
v -0.241740 -0.600122 0.720343
v -0.244295 -0.658046 0.749676
v -0.245893 -0.711112 0.774237
v -0.246296 -0.758981 0.793098
v -0.448875 0.244328 0.057364
v -0.454489 0.161586 0.087490
v -0.460577 0.077821 0.118975
v -0.465895 -0.006469 0.152557
v -0.469302 -0.090771 0.188904
v -0.470075 -0.174492 0.228402
v -0.467825 -0.256978 0.271253
v 0.402866 -0.675170 0.510743
v 0.409711 -0.641985 0.479002
v 0.414365 -0.602087 0.443033
v 0.416215 -0.556428 0.404783
v 0.415085 -0.505542 0.365745
v 0.411635 -0.449545 0.326939
v 0.406733 -0.388450 0.289265
v 0.096463 0.241842 0.310340
v 0.093938 0.159419 0.343209
v 0.092804 0.076213 0.377936
v 0.092872 -0.007165 0.414461
v 0.093949 -0.090106 0.452726
v 0.095846 -0.171999 0.492670
v 0.098372 -0.252235 0.534236
v -0.204356 0.243092 0.311712
v -0.207022 0.160619 0.345773
v -0.209842 0.077430 0.381449
v -0.212829 -0.005829 0.418447
v -0.215999 -0.088511 0.456477
v -0.219363 -0.169970 0.495249
v -0.222937 -0.249560 0.534470
v -0.188072 -0.327678 0.594592
v -0.149049 -0.328812 0.610284
v -0.109511 -0.329906 0.620552
v -0.069302 -0.330829 0.625018
v -0.028267 -0.331451 0.623308
v 0.013747 -0.331641 0.615046
v 0.056897 -0.331269 0.599856
v 0.146984 -0.328396 0.547511
v 0.192818 -0.326118 0.511528
v 0.237580 -0.323720 0.470964
v 0.280010 -0.321555 0.427367
v 0.318851 -0.319976 0.382286
v 0.352844 -0.319334 0.337269
v 0.380730 -0.319981 0.293866
v -0.449186 -0.332682 0.348966
v -0.427868 -0.329453 0.383273
v -0.401647 -0.327255 0.418438
v -0.371459 -0.325928 0.453473
v -0.338134 -0.325331 0.487435
v -0.302420 -0.325334 0.519417
v -0.265044 -0.325810 0.548521
v 0.444192 1.062193 -0.336150
v 0.461644 1.164080 -0.372759
v 0.474722 1.265558 -0.402070
v 0.482952 1.363923 -0.423116
v 0.486036 1.456501 -0.435322
v 0.483925 1.540642 -0.438611
v 0.476629 1.613707 -0.433030
v -0.106999 1.765345 -0.197986
v -0.146436 1.779575 -0.231042
v -0.184823 1.791543 -0.266298
v -0.221276 1.798509 -0.302032
v -0.254925 1.797767 -0.336534
v -0.284946 1.786748 -0.368155
v -0.310570 1.763053 -0.395319
v -0.378404 -0.478861 0.255508
v -0.392894 -0.549956 0.298313
v -0.406239 -0.615208 0.339942
v -0.417659 -0.673283 0.380355
v -0.426520 -0.723012 0.419066
v -0.432657 -0.763757 0.454915
v -0.436092 -0.794879 0.486237
v 0.132283 -0.894723 0.721640
v 0.170713 -0.881058 0.686448
v 0.208119 -0.863973 0.645780
v 0.243475 -0.843964 0.602199
v 0.275768 -0.821680 0.558278
v 0.304043 -0.798374 0.516634
v 0.327195 -0.775790 0.480206
v 0.312609 -0.311457 0.110277
v 0.307528 -0.232584 0.078232
v 0.303546 -0.150357 0.048240
v 0.300973 -0.065685 0.019890
v 0.300120 0.020521 -0.007226
v 0.301295 0.107351 -0.033520
v 0.304811 0.193894 -0.059401
v -0.304841 0.873541 -0.317987
v -0.295760 0.779296 -0.291077
v -0.287616 0.689589 -0.263062
v -0.280794 0.603309 -0.234176
v -0.275678 0.519342 -0.204657
v -0.272654 0.436576 -0.174741
v -0.272106 0.353899 -0.144664
v 0.074346 0.257054 0.060521
v 0.106818 0.259235 0.036973
v 0.141025 0.261738 0.011902
v 0.176193 0.264567 -0.013235
v 0.211547 0.267727 -0.036979
v 0.246312 0.271222 -0.057872
v 0.279714 0.275059 -0.074458
v 0.319959 0.362778 -0.111449
v 0.331354 0.445076 -0.137761
v 0.344611 0.527005 -0.163949
v 0.359185 0.609432 -0.189747
v 0.374564 0.693241 -0.215006
v 0.390395 0.779368 -0.240043
v 0.406488 0.868796 -0.265629
v -0.338606 1.673017 -0.429284
v -0.345671 1.595489 -0.432986
v -0.347820 1.505015 -0.429934
v -0.345900 1.404881 -0.420991
v -0.340758 1.298372 -0.407019
v -0.333242 1.188771 -0.388880
v -0.324198 1.079365 -0.367438
v 0.157563 0.938987 -0.122605
v 0.194962 0.942001 -0.148244
v 0.233778 0.945292 -0.176057
v 0.273312 0.948784 -0.204642
v 0.312857 0.952395 -0.232564
v 0.351674 0.956022 -0.258259
v 0.388982 0.959542 -0.280024
v 0.450321 1.703262 -0.392830
v 0.427115 1.730746 -0.362138
v 0.400312 1.747346 -0.327172
v 0.370438 1.754947 -0.289734
v 0.338062 1.755573 -0.251705
v 0.303791 1.751363 -0.215022
v 0.268240 1.744482 -0.181642
v 0.195643 1.731051 -0.132247
v 0.159129 1.726860 -0.117992
v 0.122398 1.724722 -0.110558
v 0.085370 1.724828 -0.109748
v 0.047959 1.727375 -0.115369
v 0.010084 1.732555 -0.127224
v -0.028339 1.740562 -0.145118
v -0.423672 -0.825284 0.521834
v -0.402514 -0.838696 0.541531
v -0.376149 -0.850735 0.564096
v -0.345481 -0.860577 0.588406
v -0.311348 -0.867963 0.613620
v -0.274806 -0.873611 0.639189
v -0.236972 -0.878478 0.664638
v -0.161656 -0.889440 0.713157
v -0.125044 -0.895800 0.734562
v -0.088877 -0.901912 0.752514
v -0.052911 -0.907084 0.765822
v -0.016901 -0.910619 0.773296
v 0.019400 -0.911825 0.773743
v 0.056236 -0.910007 0.765973
v -0.254270 0.267455 -0.083522
v -0.234197 0.264762 -0.052881
v -0.214275 0.262168 -0.023243
v -0.194581 0.259726 0.004893
v -0.175191 0.257484 0.031025
v -0.156179 0.255493 0.054652
v -0.137622 0.253804 0.075272
v -0.102084 0.251518 0.105567
v -0.084691 0.250961 0.114686
v -0.066932 0.250784 0.119689
v -0.048320 0.250974 0.120523
v -0.028369 0.251521 0.117134
v -0.006592 0.252413 0.109468
v 0.017497 0.253640 0.097471
v -0.286377 0.967491 -0.306754
v -0.258363 0.961648 -0.270528
v -0.230518 0.956016 -0.235451
v -0.202925 0.950699 -0.202098
v -0.175669 0.945802 -0.171043
v -0.148833 0.941430 -0.142862
v -0.122501 0.937689 -0.118128
v -0.071603 0.932490 -0.081213
v -0.046683 0.931086 -0.069655
v -0.021565 0.930418 -0.062790
v 0.004189 0.930436 -0.060667
v 0.031015 0.931087 -0.063332
v 0.059348 0.932320 -0.070834
v 0.089624 0.934083 -0.083222
v 0.218589 1.647740 -0.154251
v 0.204379 1.540971 -0.149823
v 0.190252 1.435136 -0.144805
v 0.176247 1.330703 -0.138902
v 0.162407 1.228138 -0.131820
v 0.148772 1.127908 -0.123262
v 0.135382 1.030481 -0.112935
v -0.069308 1.659974 -0.167262
v -0.073609 1.550756 -0.160170
v -0.077840 1.442557 -0.152553
v -0.081968 1.335887 -0.144148
v -0.085959 1.231254 -0.134695
v -0.089777 1.129170 -0.123930
v -0.093389 1.030143 -0.111591
v 0.109529 0.845704 -0.085846
v 0.097284 0.758097 -0.068812
v 0.085722 0.672779 -0.049467
v 0.075021 0.589026 -0.027834
v 0.065359 0.506115 -0.003938
v 0.056914 0.423321 0.022197
v 0.049863 0.339920 0.050547
v -0.099871 0.843087 -0.081184
v -0.102775 0.754811 -0.062839
v -0.105537 0.669098 -0.042367
v -0.108227 0.585189 -0.019755
v -0.110910 0.502329 0.005013
v -0.113655 0.419759 0.031949
v -0.116528 0.336724 0.061069
v 0.054846 -0.518430 0.440750
v 0.059947 -0.593438 0.487642
v 0.065368 -0.663367 0.534615
v 0.071013 -0.727292 0.581043
v 0.076783 -0.784289 0.626301
v 0.082578 -0.833435 0.669762
v 0.088301 -0.873804 0.710801
v -0.157419 -0.510700 0.436355
v -0.162579 -0.583568 0.475958
v -0.167952 -0.651283 0.514822
v -0.173567 -0.713016 0.552702
v -0.179448 -0.767937 0.589353
v -0.185623 -0.815216 0.624531
v -0.192118 -0.854023 0.657993
v -0.279824 0.184689 -0.084729
v -0.287934 0.097891 -0.053866
v -0.298210 0.010654 -0.020834
v -0.310111 -0.076175 0.015607
v -0.323102 -0.161758 0.056569
v -0.336666 -0.245308 0.102653
v -0.350320 -0.326079 0.154086
v 0.343909 -0.739941 0.427570
v 0.344638 -0.710550 0.389560
v 0.343692 -0.673299 0.347993
v 0.340978 -0.628771 0.305190
v 0.336595 -0.577359 0.262772
v 0.331011 -0.519485 0.221519
v 0.324786 -0.455577 0.182000
v 0.040599 0.168636 0.113785
v 0.038410 0.080689 0.148544
v 0.037662 -0.007992 0.185260
v 0.038203 -0.096744 0.223831
v 0.039877 -0.184909 0.264151
v 0.042532 -0.271825 0.306116
v 0.046012 -0.356831 0.349622
v -0.122915 0.166467 0.125861
v -0.126485 0.079172 0.161240
v -0.130292 -0.008735 0.198215
v -0.134324 -0.096570 0.236478
v -0.138568 -0.183649 0.275721
v -0.143012 -0.269288 0.315638
v -0.147642 -0.352803 0.355919
v -0.127931 -0.435895 0.414370
v -0.104105 -0.438124 0.427960
v -0.080507 -0.440038 0.436672
v -0.056678 -0.441475 0.440148
v -0.032156 -0.442277 0.438031
v -0.006482 -0.442284 0.429966
v 0.020805 -0.441334 0.415596
v 0.081871 -0.435970 0.366905
v 0.115441 -0.431502 0.334229
v 0.150204 -0.425971 0.298533
v 0.185492 -0.419481 0.261820
v 0.220633 -0.412139 0.226088
v 0.254958 -0.404052 0.193338
v 0.287797 -0.395325 0.165570
v -0.338594 -0.409621 0.224043
v -0.312423 -0.414663 0.244608
v -0.285626 -0.418936 0.268797
v -0.258492 -0.422586 0.295154
v -0.231308 -0.425744 0.322333
v -0.204372 -0.428534 0.349071
v -0.177985 -0.431082 0.374126
v 0.597099 1.669939 -0.268171
v 0.578108 1.670384 -0.289665
v 0.559116 1.670829 -0.311159
v 0.540125 1.671273 -0.332653
v 0.521134 1.671718 -0.354147
v 0.502143 1.672163 -0.375640
v 0.483151 1.672608 -0.397134
v -0.457594 1.745713 -0.276022
v -0.438763 1.744085 -0.296299
v -0.419932 1.742457 -0.316577
v -0.401101 1.740829 -0.336854
v -0.382270 1.739200 -0.357132
v -0.363439 1.737572 -0.377410
v -0.344608 1.735944 -0.397687
v 0.399431 -0.706849 0.524204
v 0.400960 -0.718923 0.512015
v 0.398895 -0.730864 0.498998
v 0.392653 -0.741417 0.486416
v 0.382170 -0.749659 0.475272
v 0.368700 -0.755254 0.466067
v 0.354079 -0.758106 0.459176
v -0.500233 -0.770035 0.582142
v -0.501506 -0.786426 0.574546
v -0.498981 -0.801271 0.564794
v -0.492006 -0.812530 0.553349
v -0.480483 -0.818844 0.540765
v -0.465785 -0.820400 0.528037
v -0.449919 -0.817980 0.516378
v 0.408244 0.310820 0.005099
v 0.412391 0.306963 -0.021650
v 0.409331 0.302670 -0.044791
v 0.399779 0.298071 -0.063720
v 0.384453 0.293297 -0.077836
v 0.364067 0.288480 -0.086536
v 0.339336 0.283751 -0.089217
v -0.423660 0.318631 0.010043
v -0.402340 0.311712 -0.007772
v -0.381020 0.304793 -0.025588
v -0.359699 0.297874 -0.043403
v -0.338379 0.290956 -0.061218
v -0.317059 0.284037 -0.079033
v -0.295739 0.277118 -0.096848
v 0.532952 0.973068 -0.198203
v 0.534446 0.972462 -0.225202
v 0.528960 0.971528 -0.248650
v 0.517410 0.970317 -0.268205
v 0.500555 0.968861 -0.283430
v 0.479009 0.967150 -0.293690
v 0.453310 0.965151 -0.298197
v -0.464267 0.996699 -0.212901
v -0.442868 0.993376 -0.231565
v -0.421469 0.990053 -0.250230
v -0.400070 0.986730 -0.268895
v -0.378671 0.983407 -0.287560
v -0.357272 0.980084 -0.306225
v -0.335873 0.976761 -0.324889
v 0.298419 1.755369 0.017430
v 0.289050 1.755313 -0.007687
v 0.279682 1.755257 -0.032803
v 0.270313 1.755200 -0.057919
v 0.260945 1.755144 -0.083036
v 0.251576 1.755088 -0.108152
v 0.242208 1.755032 -0.133268
v -0.136184 1.777685 -0.001632
v -0.126011 1.776545 -0.026269
v -0.115838 1.775404 -0.050906
v -0.105665 1.774264 -0.075544
v -0.095492 1.773123 -0.100181
v -0.085319 1.771983 -0.124818
v -0.075146 1.770842 -0.149455
v -0.242646 -0.837741 0.810276
v -0.238610 -0.867761 0.808332
v -0.233412 -0.890841 0.800171
v -0.227310 -0.906449 0.786460
v -0.220557 -0.914055 0.767867
v -0.213411 -0.913124 0.745063
v -0.206127 -0.903126 0.718715
v 0.119649 -0.855655 0.875041
v 0.118054 -0.887015 0.876573
v 0.115597 -0.911207 0.870486
v 0.112379 -0.927653 0.857439
v 0.108496 -0.935779 0.838088
v 0.104049 -0.935009 0.813092
v 0.099135 -0.924765 0.783108
v -0.467682 -0.343913 0.289389
v -0.464729 -0.351764 0.265424
v -0.456612 -0.360344 0.244928
v -0.444135 -0.369344 0.228216
v -0.427998 -0.378467 0.215672
v -0.408833 -0.387428 0.207801
v -0.387247 -0.395927 0.205222
v 0.413479 -0.326444 0.217925
v 0.417807 -0.332310 0.187471
v 0.414961 -0.339563 0.162795
v 0.405665 -0.347903 0.144432
v 0.390644 -0.357025 0.132916
v 0.370623 -0.366628 0.128780
v 0.346327 -0.376409 0.132558
v -0.270253 -0.399463 0.587243
v -0.308805 -0.398777 0.557985
v -0.345549 -0.398673 0.526106
v -0.379652 -0.399285 0.492494
v -0.410252 -0.400756 0.458048
v -0.436373 -0.403251 0.423724
v -0.456976 -0.406950 0.390505
v -0.275448 -0.469554 0.624997
v -0.315180 -0.468591 0.595730
v -0.353004 -0.468292 0.564111
v -0.388011 -0.468777 0.530982
v -0.419287 -0.470180 0.497191
v -0.445909 -0.472683 0.463628
v -0.466948 -0.476482 0.431193
v -0.280343 -0.535758 0.660850
v -0.321191 -0.534452 0.631692
v -0.360034 -0.533839 0.600458
v -0.395892 -0.533994 0.567911
v -0.427813 -0.535030 0.534832
v -0.454947 -0.537199 0.502070
v -0.476473 -0.540786 0.470490
v -0.284651 -0.597750 0.693864
v -0.326486 -0.596034 0.664913
v -0.366176 -0.594963 0.634156
v -0.402655 -0.594529 0.602257
v -0.434921 -0.594804 0.569921
v -0.462235 -0.596193 0.538009
v -0.483922 -0.599181 0.507417
v -0.288089 -0.655207 0.723106
v -0.330722 -0.653018 0.694433
v -0.371007 -0.651337 0.664210
v -0.407756 -0.650023 0.632988
v -0.439902 -0.649087 0.601395
v -0.466862 -0.649148 0.570358
v -0.488180 -0.650999 0.540882
v -0.290376 -0.707808 0.747639
v -0.333609 -0.705112 0.719290
v -0.374275 -0.702718 0.689621
v -0.411055 -0.700324 0.659058
v -0.442797 -0.697828 0.628156
v -0.468999 -0.695945 0.597959
v -0.489380 -0.695775 0.569688
v -0.291238 -0.755232 0.766527
v -0.334870 -0.752027 0.738523
v -0.375770 -0.748886 0.709385
v -0.412514 -0.745329 0.679415
v -0.443847 -0.741076 0.649087
v -0.469187 -0.736648 0.619572
v -0.488223 -0.733196 0.592416
v -0.223239 0.883789 0.089526
v -0.261275 0.885965 0.060809
v -0.298488 0.888400 0.028262
v -0.335016 0.891052 -0.007478
v -0.370995 0.893877 -0.045772
v -0.406562 0.896832 -0.085981
v -0.441856 0.899874 -0.127467
v -0.224706 0.799194 0.107805
v -0.261305 0.800641 0.079968
v -0.297093 0.802251 0.048400
v -0.332205 0.803998 0.013721
v -0.366777 0.805854 -0.023445
v -0.400943 0.807792 -0.062478
v -0.434839 0.809785 -0.102754
v -0.226058 0.717531 0.127997
v -0.261336 0.718453 0.100941
v -0.295810 0.719471 0.070244
v -0.329615 0.720567 0.036512
v -0.362884 0.721726 0.000353
v -0.395752 0.722933 -0.037627
v -0.428353 0.724171 -0.076821
v -0.227387 0.637977 0.150117
v -0.261494 0.638544 0.123721
v -0.294805 0.639161 0.093761
v -0.327452 0.639818 0.060832
v -0.359568 0.640508 0.025528
v -0.391285 0.641222 -0.011558
v -0.422738 0.641952 -0.049832
v -0.228784 0.559707 0.174180
v -0.261907 0.560056 0.148300
v -0.294242 0.560427 0.118918
v -0.325922 0.560814 0.086618
v -0.357077 0.561215 0.051984
v -0.387838 0.561627 0.015599
v -0.418336 0.562045 -0.021954
v -0.230340 0.481898 0.200201
v -0.262700 0.482131 0.174672
v -0.294288 0.482370 0.145681
v -0.325232 0.482615 0.113807
v -0.355661 0.482863 0.079626
v -0.385704 0.483115 0.043715
v -0.415490 0.483369 0.006650
v -0.232147 0.403727 0.228195
v -0.264000 0.403911 0.202829
v -0.295106 0.404096 0.174018
v -0.325588 0.404282 0.142337
v -0.355571 0.404468 0.108360
v -0.385181 0.404654 0.072660
v -0.414541 0.404842 0.035813
v -0.203640 1.684828 -0.002097
v -0.254043 1.698269 -0.038635
v -0.301908 1.710112 -0.078107
v -0.346772 1.718202 -0.118872
v -0.388242 1.720569 -0.159375
v -0.426196 1.715988 -0.198420
v -0.460790 1.703994 -0.235168
v -0.206628 1.576769 0.006039
v -0.255547 1.588714 -0.029609
v -0.302403 1.599895 -0.068620
v -0.346929 1.608763 -0.109634
v -0.388960 1.614053 -0.151430
v -0.428747 1.615643 -0.193328
v -0.466744 1.613960 -0.234910
v -0.209538 1.469842 0.014652
v -0.256950 1.480271 -0.020079
v -0.302720 1.490628 -0.058528
v -0.346744 1.499893 -0.099585
v -0.389008 1.507290 -0.142255
v -0.429849 1.513003 -0.186000
v -0.469703 1.517493 -0.230414
v -0.212329 1.364614 0.023980
v -0.258205 1.373497 -0.009791
v -0.302770 1.382787 -0.047529
v -0.346047 1.391879 -0.088317
v -0.388107 1.400305 -0.131304
v -0.429217 1.408128 -0.175891
v -0.469695 1.415552 -0.221545
v -0.214962 1.261652 0.034260
v -0.259265 1.268964 0.001499
v -0.302483 1.276904 -0.035347
v -0.344714 1.285140 -0.075489
v -0.386076 1.293399 -0.118164
v -0.426772 1.301633 -0.162721
v -0.467023 1.309849 -0.208531
v -0.217403 1.161533 0.045726
v -0.260114 1.167313 0.014002
v -0.301875 1.173737 -0.021815
v -0.342820 1.180632 -0.061012
v -0.383089 1.187839 -0.102883
v -0.422847 1.195268 -0.146752
v -0.462263 1.202845 -0.191954
v -0.219616 1.064836 0.058610
v -0.260736 1.069200 0.027925
v -0.300979 1.074102 -0.006792
v -0.340488 1.079444 -0.044865
v -0.379406 1.085130 -0.085618
v -0.417881 1.091073 -0.128382
v -0.456061 1.097187 -0.172485
v 0.598625 1.632522 -0.225347
v 0.563879 1.649907 -0.185874
v 0.526023 1.660969 -0.144288
v 0.484879 1.666007 -0.101621
v 0.440517 1.665947 -0.059287
v 0.393259 1.662331 -0.019070
v 0.343487 1.656860 0.017149
v 0.599967 1.548238 -0.226434
v 0.559404 1.556103 -0.182274
v 0.517210 1.561102 -0.138032
v 0.472967 1.562802 -0.094272
v 0.426448 1.561229 -0.051837
v 0.377833 1.557356 -0.012151
v 0.327406 1.552390 0.023218
v 0.596503 1.458475 -0.222529
v 0.552156 1.460302 -0.175943
v 0.506889 1.460981 -0.130237
v 0.460291 1.460064 -0.085927
v 0.412070 1.457329 -0.043673
v 0.362360 1.453360 -0.004654
v 0.311403 1.448941 0.029822
v 0.587204 1.363953 -0.213225
v 0.541146 1.362504 -0.166122
v 0.494357 1.360603 -0.120211
v 0.446471 1.358024 -0.076088
v 0.397231 1.354655 -0.034438
v 0.346817 1.350836 0.003708
v 0.295520 1.347025 0.037228
v 0.571512 1.266022 -0.198567
v 0.525805 1.263176 -0.152404
v 0.479182 1.260199 -0.107456
v 0.431267 1.257031 -0.064359
v 0.381836 1.253662 -0.023815
v 0.331199 1.250288 0.013213
v 0.279798 1.247154 0.045703
v 0.549997 1.166673 -0.179269
v 0.506882 1.163760 -0.135270
v 0.461970 1.160826 -0.092200
v 0.415013 1.157891 -0.050739
v 0.366035 1.155003 -0.011660
v 0.315571 1.152277 0.024087
v 0.264288 1.149848 0.055504
v 0.524039 1.068080 -0.156395
v 0.485683 1.065952 -0.115498
v 0.443618 1.063745 -0.074859
v 0.398185 1.061525 -0.035332
v 0.350033 1.059375 0.002133
v 0.300017 1.057380 0.036542
v 0.249043 1.055628 0.066892
v 0.237943 1.646886 0.070417
v 0.182974 1.644228 0.085780
v 0.127100 1.643405 0.093770
v 0.070739 1.644563 0.094579
v 0.014313 1.647850 0.088401
v -0.041759 1.653411 0.075427
v -0.097057 1.661394 0.055851
v 0.222255 1.543836 0.075019
v 0.168161 1.541583 0.090055
v 0.113513 1.540908 0.097980
v 0.058657 1.541936 0.098966
v 0.003939 1.544794 0.093186
v -0.050293 1.549608 0.080812
v -0.103694 1.556505 0.062014
v 0.206722 1.441770 0.080163
v 0.153514 1.439909 0.094872
v 0.100093 1.439377 0.102729
v 0.046733 1.440279 0.103885
v -0.006289 1.442722 0.098494
v -0.058700 1.446813 0.086706
v -0.110223 1.452656 0.068676
v 0.191421 1.341181 0.086119
v 0.139117 1.339692 0.100502
v 0.086923 1.339295 0.108285
v 0.035048 1.340077 0.109602
v -0.016302 1.342125 0.104585
v -0.066918 1.345527 0.093368
v -0.116593 1.350370 0.076084
v 0.176431 1.242560 0.093159
v 0.125052 1.241417 0.107217
v 0.074087 1.241145 0.114919
v 0.023680 1.241815 0.116382
v -0.026025 1.243495 0.111720
v -0.074882 1.246256 0.101050
v -0.122747 1.250167 0.084488
v 0.161828 1.146400 0.101553
v 0.111405 1.145570 0.115287
v 0.061669 1.145411 0.122900
v 0.012708 1.145978 0.124492
v -0.035388 1.147324 0.120162
v -0.082531 1.149502 0.110010
v -0.128635 1.152568 0.094137
v 0.147690 1.053192 0.111572
v 0.098256 1.052636 0.124984
v 0.049751 1.052576 0.132497
v 0.002214 1.053052 0.134197
v -0.044317 1.054103 0.130170
v -0.089801 1.055770 0.120503
v -0.134200 1.058092 0.105280
v 0.475953 0.881958 -0.108106
v 0.444993 0.881695 -0.072243
v 0.407383 0.881180 -0.035680
v 0.364658 0.880505 0.000441
v 0.318266 0.879758 0.035015
v 0.269493 0.879007 0.067007
v 0.219584 0.878321 0.095404
v 0.457506 0.795761 -0.084474
v 0.427298 0.796056 -0.049701
v 0.390530 0.796091 -0.014322
v 0.348612 0.795936 0.020628
v 0.302937 0.795659 0.054121
v 0.254835 0.795323 0.085155
v 0.205622 0.794988 0.112736
v 0.440564 0.712917 -0.060372
v 0.410791 0.713642 -0.026362
v 0.374585 0.714087 0.008168
v 0.333298 0.714312 0.042245
v 0.288282 0.714375 0.074899
v 0.240879 0.714336 0.105163
v 0.192430 0.714252 0.132070
v 0.424689 0.632475 -0.035657
v 0.395314 0.633543 -0.002185
v 0.359601 0.634297 0.031752
v 0.318892 0.634796 0.065214
v 0.274529 0.635098 0.097262
v 0.227853 0.635262 0.126955
v 0.180206 0.635345 0.153355
v 0.409828 0.553513 -0.010338
v 0.380891 0.554864 0.022795
v 0.345704 0.555858 0.056364
v 0.305602 0.556556 0.089445
v 0.261920 0.557022 0.121116
v 0.215991 0.557317 0.150455
v 0.169149 0.557503 0.176540
v 0.396384 0.475149 0.015375
v 0.367901 0.476741 0.048390
v 0.333252 0.477925 0.081835
v 0.293760 0.478770 0.114793
v 0.250749 0.479345 0.146346
v 0.205542 0.479718 0.175579
v 0.159461 0.479958 0.201575
v 0.384871 0.396512 0.041226
v 0.356813 0.398320 0.074372
v 0.322662 0.399664 0.107972
v 0.283729 0.400620 0.141100
v 0.241324 0.401267 0.172832
v 0.196759 0.401682 0.202243
v 0.151345 0.401944 0.228408
v 0.121127 0.877398 0.137525
v 0.073793 0.877246 0.150300
v 0.027749 0.877330 0.157577
v -0.017037 0.877666 0.159421
v -0.060597 0.878275 0.155898
v -0.102963 0.879173 0.147073
v -0.144168 0.880381 0.133009
v 0.108898 0.794560 0.153734
v 0.062647 0.794541 0.166214
v 0.017807 0.794669 0.173368
v -0.025679 0.794957 0.175254
v -0.067863 0.795416 0.171931
v -0.108802 0.796058 0.163456
v -0.148550 0.796895 0.149889
v 0.097526 0.714175 0.172116
v 0.052341 0.714247 0.184344
v 0.008651 0.714405 0.191390
v -0.033614 0.714656 0.193310
v -0.074526 0.715006 0.190157
v -0.114154 0.715462 0.181985
v -0.152570 0.716031 0.168850
v 0.087129 0.635499 0.192678
v 0.042960 0.635630 0.204714
v 0.000341 0.635805 0.211683
v -0.040809 0.636028 0.213637
v -0.080572 0.636302 0.210628
v -0.119029 0.636631 0.202710
v -0.156262 0.637017 0.189935
v 0.077827 0.557789 0.215421
v 0.034592 0.557953 0.227348
v -0.007063 0.558135 0.234284
v -0.047228 0.558338 0.236282
v -0.085990 0.558563 0.233397
v -0.123437 0.558810 0.225681
v -0.159659 0.559083 0.213190
v 0.069737 0.480304 0.240350
v 0.027324 0.480480 0.252269
v -0.013503 0.480662 0.259232
v -0.052835 0.480850 0.261295
v -0.090766 0.481044 0.258515
v -0.127388 0.481246 0.250951
v -0.162795 0.481455 0.238658
v 0.062978 0.402301 0.267468
v 0.021240 0.402475 0.279501
v -0.018919 0.402651 0.286565
v -0.057595 0.402827 0.288722
v -0.094887 0.403004 0.286036
v -0.130891 0.403183 0.278568
v -0.165703 0.403363 0.266383
v 0.386080 -0.386988 0.330541
v 0.358045 -0.387425 0.375195
v 0.323872 -0.389322 0.421580
v 0.284806 -0.392238 0.468047
v 0.242092 -0.395734 0.512949
v 0.196978 -0.399373 0.554638
v 0.150715 -0.402718 0.591466
v 0.390943 -0.449102 0.369001
v 0.362888 -0.450876 0.414668
v 0.328674 -0.454309 0.462191
v 0.289506 -0.458846 0.509821
v 0.246596 -0.463934 0.555809
v 0.201185 -0.469041 0.598403
v 0.154521 -0.473636 0.635852
v 0.394543 -0.506249 0.408190
v 0.366721 -0.509568 0.454512
v 0.332738 -0.514786 0.502856
v 0.293710 -0.521190 0.551368
v 0.250780 -0.528083 0.598192
v 0.205188 -0.534827 0.641467
v 0.158197 -0.540802 0.679330
v 0.396105 -0.558353 0.447054
v 0.368895 -0.563385 0.493552
v 0.335546 -0.570602 0.542312
v 0.297018 -0.579083 0.591367
v 0.254331 -0.587942 0.638750
v 0.208736 -0.596439 0.682477
v 0.161540 -0.603869 0.720563
v 0.395078 -0.605264 0.484378
v 0.368956 -0.612189 0.530472
v 0.336718 -0.621610 0.579198
v 0.299105 -0.632340 0.628446
v 0.256969 -0.643277 0.676109
v 0.211588 -0.653583 0.720070
v 0.164346 -0.662488 0.758209
v 0.391802 -0.646534 0.518303
v 0.367243 -0.655763 0.563385
v 0.336432 -0.667676 0.611759
v 0.299944 -0.680794 0.661020
v 0.258538 -0.693859 0.708808
v 0.213540 -0.705969 0.752858
v 0.166416 -0.716313 0.790928
v 0.387114 -0.681587 0.546402
v 0.364397 -0.693887 0.590112
v 0.335015 -0.708671 0.638125
v 0.299582 -0.724277 0.687453
v 0.258916 -0.739459 0.735364
v 0.214398 -0.753306 0.779447
v 0.167554 -0.764995 0.817375
v 0.059505 -0.406882 0.644299
v 0.015656 -0.407451 0.659127
v -0.027144 -0.407222 0.666737
v -0.069049 -0.406381 0.667601
v -0.110209 -0.405113 0.662189
v -0.150774 -0.403603 0.650969
v -0.190896 -0.402036 0.634413
v 0.062194 -0.479304 0.688698
v 0.017636 -0.480098 0.702920
v -0.025968 -0.479820 0.709648
v -0.068762 -0.478718 0.709459
v -0.110889 -0.477042 0.702930
v -0.152495 -0.475041 0.690638
v -0.193723 -0.472964 0.673160
v 0.064847 -0.548115 0.731795
v 0.019615 -0.549151 0.745225
v -0.024758 -0.548813 0.750901
v -0.068406 -0.547420 0.749513
v -0.111466 -0.545292 0.741754
v -0.154073 -0.542746 0.728316
v -0.196362 -0.540102 0.709889
v 0.067343 -0.612894 0.772334
v 0.021523 -0.614178 0.784842
v -0.023532 -0.613771 0.789357
v -0.067948 -0.612067 0.786686
v -0.111851 -0.609457 0.777640
v -0.155367 -0.606335 0.763028
v -0.198621 -0.603092 0.743659
v 0.069564 -0.673222 0.809057
v 0.023291 -0.674746 0.820571
v -0.022309 -0.674262 0.823877
v -0.067353 -0.672237 0.819900
v -0.111956 -0.669136 0.809566
v -0.156236 -0.665426 0.793800
v -0.200310 -0.661574 0.773528
v 0.071391 -0.728678 0.840708
v 0.024847 -0.730424 0.851211
v -0.021109 -0.729855 0.853323
v -0.066587 -0.727510 0.848077
v -0.111695 -0.723925 0.836510
v -0.156542 -0.719638 0.819658
v -0.201239 -0.715188 0.798555
v 0.072706 -0.778842 0.866030
v 0.026122 -0.780780 0.875564
v -0.019950 -0.780120 0.876556
v -0.065616 -0.777465 0.870140
v -0.110979 -0.773420 0.857452
v -0.156144 -0.768589 0.839626
v -0.201215 -0.763574 0.817796
v 0.053880 0.241994 0.328267
v 0.012938 0.242148 0.340958
v -0.026473 0.242303 0.348495
v -0.064460 0.242459 0.350959
v -0.101133 0.242617 0.348431
v -0.136600 0.242775 0.340993
v -0.170972 0.242933 0.328726
v 0.051488 0.159544 0.361829
v 0.010652 0.159680 0.375027
v -0.028686 0.159826 0.382901
v -0.066643 0.159978 0.385547
v -0.103338 0.160136 0.383060
v -0.138888 0.160297 0.375538
v -0.173410 0.160458 0.363077
v 0.050321 0.076284 0.397341
v 0.009421 0.076392 0.411092
v -0.030023 0.076530 0.419308
v -0.068138 0.076692 0.422105
v -0.105051 0.076869 0.419601
v -0.140888 0.077056 0.411911
v -0.175776 0.077245 0.399155
v 0.050210 -0.007188 0.434681
v 0.009092 -0.007124 0.448974
v -0.030620 -0.006990 0.457487
v -0.069060 -0.006801 0.460365
v -0.106365 -0.006574 0.457754
v -0.142671 -0.006325 0.449800
v -0.178114 -0.006072 0.436649
v 0.050983 -0.090276 0.473725
v 0.009512 -0.090277 0.488491
v -0.030608 -0.090141 0.497206
v -0.069522 -0.089899 0.500056
v -0.107374 -0.089583 0.497223
v -0.144308 -0.089225 0.488894
v -0.180468 -0.088857 0.475250
v 0.052469 -0.172384 0.514352
v 0.010530 -0.172476 0.529462
v -0.030123 -0.172331 0.538237
v -0.069640 -0.172003 0.540908
v -0.108172 -0.171548 0.537711
v -0.145869 -0.171021 0.528880
v -0.182883 -0.170477 0.514647
v 0.054497 -0.252913 0.556436
v 0.011992 -0.253127 0.571708
v -0.029298 -0.252965 0.580347
v -0.069529 -0.252513 0.582652
v -0.108853 -0.251859 0.578920
v -0.147426 -0.251090 0.569447
v -0.185403 -0.250295 0.554531
v 0.369561 0.235227 0.092419
v 0.342092 0.237442 0.126685
v 0.308621 0.239070 0.161549
v 0.270441 0.240209 0.196026
v 0.228844 0.240958 0.229129
v 0.185120 0.241414 0.259874
v 0.140563 0.241676 0.287272
v 0.365946 0.152560 0.117907
v 0.338609 0.154945 0.153136
v 0.305288 0.156677 0.189083
v 0.267269 0.157865 0.224708
v 0.225839 0.158623 0.258972
v 0.182283 0.159060 0.290836
v 0.137887 0.159288 0.319262
v 0.364625 0.069587 0.143821
v 0.337329 0.072074 0.180217
v 0.304052 0.073832 0.217470
v 0.266075 0.074992 0.254476
v 0.224680 0.075682 0.290130
v 0.181148 0.076029 0.323328
v 0.136762 0.076164 0.352965
v 0.365263 -0.012838 0.170564
v 0.337935 -0.010357 0.208276
v 0.304615 -0.008687 0.246999
v 0.266580 -0.007675 0.285553
v 0.225109 -0.007169 0.322756
v 0.181482 -0.007017 0.357429
v 0.136977 -0.007067 0.388391
v 0.367527 -0.093861 0.198538
v 0.340108 -0.091529 0.237662
v 0.306676 -0.090104 0.277958
v 0.268505 -0.089399 0.318159
v 0.226871 -0.089232 0.357001
v 0.183050 -0.089417 0.393220
v 0.138318 -0.089770 0.425549
v 0.371083 -0.172629 0.228145
v 0.343530 -0.170627 0.268724
v 0.309935 -0.169642 0.310633
v 0.271571 -0.169445 0.352516
v 0.229708 -0.169810 0.393016
v 0.185619 -0.170508 0.430779
v 0.140574 -0.171314 0.464449
v 0.375595 -0.248287 0.259787
v 0.347881 -0.246834 0.301810
v 0.314094 -0.246525 0.345313
v 0.275499 -0.247076 0.388844
v 0.233363 -0.248205 0.430953
v 0.188953 -0.249629 0.470189
v 0.143533 -0.251067 0.505100
v -0.236861 0.243250 0.290116
v -0.268595 0.243408 0.264439
v -0.299665 0.243565 0.235265
v -0.330179 0.243720 0.203178
v -0.360246 0.243874 0.168762
v -0.389976 0.244026 0.132600
v -0.419482 0.244177 0.095273
v -0.239835 0.160776 0.323807
v -0.271935 0.160927 0.297695
v -0.303404 0.161067 0.268040
v -0.334322 0.161195 0.235443
v -0.364776 0.161307 0.200503
v -0.394876 0.161407 0.163807
v -0.424742 0.161498 0.125941
v -0.243195 0.077602 0.358995
v -0.275878 0.077752 0.332340
v -0.307914 0.077868 0.302115
v -0.339327 0.077940 0.268953
v -0.370163 0.077959 0.233476
v -0.400550 0.077937 0.196270
v -0.430639 0.077886 0.157911
v -0.246919 -0.005616 0.395428
v -0.280343 -0.005456 0.368181
v -0.313026 -0.005376 0.337387
v -0.344895 -0.005403 0.303724
v -0.375923 -0.005554 0.267849
v -0.406285 -0.005803 0.230331
v -0.436201 -0.006120 0.191718
v -0.250983 -0.088222 0.432852
v -0.285260 -0.088037 0.405025
v -0.318606 -0.088006 0.373739
v -0.350799 -0.088179 0.339736
v -0.381704 -0.088589 0.303722
v -0.411536 -0.089199 0.266246
v -0.440612 -0.089949 0.227813
v -0.255370 -0.169561 0.471013
v -0.290595 -0.169323 0.442657
v -0.324639 -0.169335 0.410992
v -0.357104 -0.169676 0.376829
v -0.387684 -0.170404 0.340939
v -0.416449 -0.171503 0.303926
v -0.443675 -0.172914 0.266304
v -0.260063 -0.248976 0.509655
v -0.296323 -0.248645 0.480860
v -0.331143 -0.248674 0.448955
v -0.363946 -0.249167 0.414807
v -0.394193 -0.250223 0.379268
v -0.421507 -0.251902 0.343118
v -0.445745 -0.254219 0.307036
v -0.184492 -0.507972 0.413669
v -0.191223 -0.580501 0.452808
v -0.198189 -0.647853 0.491284
v -0.205399 -0.709212 0.528838
v -0.212866 -0.763765 0.565211
v -0.220605 -0.810700 0.600143
v -0.228635 -0.849207 0.633372
v -0.212406 -0.505217 0.388361
v -0.220674 -0.577506 0.427364
v -0.229157 -0.644582 0.465792
v -0.237840 -0.705628 0.503361
v -0.246713 -0.759830 0.539782
v -0.255807 -0.806410 0.574759
v -0.265158 -0.844594 0.607994
v -0.240819 -0.502271 0.361715
v -0.250539 -0.574373 0.400889
v -0.260398 -0.641195 0.439542
v -0.270327 -0.701887 0.477362
v -0.280287 -0.755621 0.514030
v -0.290365 -0.801676 0.549197
v -0.300680 -0.839355 0.582512
v -0.269390 -0.498974 0.335013
v -0.280430 -0.570893 0.374647
v -0.291452 -0.637417 0.413730
v -0.302298 -0.697616 0.451935
v -0.312884 -0.750626 0.488919
v -0.323420 -0.795826 0.524274
v -0.334190 -0.832662 0.557578
v -0.297778 -0.495161 0.309567
v -0.309963 -0.566869 0.349917
v -0.321885 -0.633008 0.389569
v -0.333252 -0.692527 0.428212
v -0.343909 -0.744493 0.465490
v -0.354240 -0.788422 0.500913
v -0.364783 -0.823951 0.533956
v -0.325641 -0.490660 0.286811
v -0.338783 -0.562139 0.328043
v -0.351365 -0.627874 0.368348
v -0.362930 -0.686678 0.407486
v -0.373205 -0.737518 0.445078
v -0.382626 -0.779949 0.480449
v -0.391950 -0.813710 0.512848
v -0.352636 -0.485293 0.268245
v -0.366543 -0.556552 0.310388
v -0.379585 -0.621960 0.351370
v -0.391132 -0.680215 0.391090
v -0.400737 -0.730177 0.429110
v -0.408615 -0.771261 0.464442
v -0.415465 -0.803053 0.495873
v -0.124075 0.845391 -0.101018
v -0.125539 0.756613 -0.081879
v -0.126993 0.670568 -0.060717
v -0.128537 0.586469 -0.037537
v -0.130272 0.503530 -0.012343
v -0.132298 0.420964 0.014860
v -0.134714 0.337984 0.044067
v -0.148847 0.848296 -0.124758
v -0.148847 0.758918 -0.104715
v -0.148970 0.672475 -0.082762
v -0.149352 0.588144 -0.058927
v -0.150128 0.505102 -0.033239
v -0.151433 0.422528 -0.005728
v -0.153405 0.339599 0.023579
v -0.174104 0.851716 -0.151847
v -0.172621 0.761655 -0.130805
v -0.171395 0.674756 -0.107973
v -0.170599 0.590155 -0.083410
v -0.170406 0.506991 -0.057172
v -0.170992 0.424400 -0.029315
v -0.172528 0.341518 0.000103
v -0.199765 0.855566 -0.181727
v -0.196783 0.764752 -0.159606
v -0.194192 0.677348 -0.135824
v -0.192205 0.592448 -0.110470
v -0.191038 0.509144 -0.083633
v -0.190902 0.426527 -0.055401
v -0.192012 0.343691 -0.025863
v -0.225751 0.859759 -0.213838
v -0.221256 0.768136 -0.190576
v -0.217287 0.680190 -0.165786
v -0.214100 0.594966 -0.139593
v -0.211951 0.511508 -0.112119
v -0.211093 0.428860 -0.083487
v -0.211783 0.346065 -0.053820
v -0.251980 0.864210 -0.247624
v -0.245961 0.771736 -0.223172
v -0.240606 0.683219 -0.197332
v -0.236211 0.597653 -0.170261
v -0.233076 0.514031 -0.142121
v -0.231496 0.431347 -0.113072
v -0.231771 0.348592 -0.083272
v -0.278370 0.868833 -0.282527
v -0.270822 0.775480 -0.256854
v -0.264074 0.686373 -0.229933
v -0.258467 0.600453 -0.201961
v -0.254341 0.516660 -0.173136
v -0.252040 0.433936 -0.143656
v -0.251902 0.351220 -0.113719
v -0.107109 1.672360 -0.195373
v -0.109614 1.561536 -0.187156
v -0.112063 1.451776 -0.178424
v -0.114426 1.343611 -0.168922
v -0.116676 1.237577 -0.158393
v -0.118788 1.134216 -0.146586
v -0.120738 1.034071 -0.133248
v -0.144952 1.685458 -0.227519
v -0.145849 1.573276 -0.218307
v -0.146673 1.462137 -0.208558
v -0.147391 1.352564 -0.198005
v -0.147970 1.245093 -0.186388
v -0.148404 1.140332 -0.173474
v -0.148692 1.038903 -0.159040
v -0.182122 1.697067 -0.262213
v -0.181788 1.584387 -0.252398
v -0.181315 1.472586 -0.241958
v -0.180633 1.362103 -0.230581
v -0.179692 1.253435 -0.217979
v -0.178520 1.147307 -0.203964
v -0.177164 1.044502 -0.188374
v -0.217902 1.704990 -0.297965
v -0.216907 1.593280 -0.288202
v -0.215629 1.482065 -0.277626
v -0.213923 1.371589 -0.265830
v -0.211694 1.262236 -0.252468
v -0.209029 1.154930 -0.237428
v -0.206062 1.050731 -0.220655
v -0.251638 1.707213 -0.333371
v -0.250780 1.598654 -0.324619
v -0.249339 1.489761 -0.314671
v -0.247077 1.380518 -0.302996
v -0.243846 1.271188 -0.289182
v -0.239831 1.163008 -0.273241
v -0.235300 1.057457 -0.255291
v -0.282932 1.702480 -0.367351
v -0.283368 1.600360 -0.361048
v -0.282502 1.495837 -0.352626
v -0.280094 1.388928 -0.341554
v -0.276095 1.280210 -0.327544
v -0.270848 1.171413 -0.310811
v -0.264791 1.064554 -0.291693
v -0.311646 1.690297 -0.399158
v -0.314825 1.598807 -0.397133
v -0.315264 1.500730 -0.391143
v -0.313019 1.396991 -0.381040
v -0.308410 1.289279 -0.367007
v -0.302009 1.180038 -0.349553
v -0.294452 1.071898 -0.329271
v 0.449926 1.635048 -0.399325
v 0.451264 1.549243 -0.399491
v 0.449421 1.457743 -0.394128
v 0.443922 1.361236 -0.382368
v 0.434575 1.261060 -0.363865
v 0.421715 1.159225 -0.339320
v 0.405992 1.057936 -0.310146
v 0.421823 1.651999 -0.364029
v 0.418142 1.556261 -0.360242
v 0.412692 1.458383 -0.353260
v 0.404912 1.358320 -0.342031
v 0.394474 1.256504 -0.325951
v 0.381697 1.154373 -0.305704
v 0.367140 1.053629 -0.282488
v 0.391644 1.662470 -0.326784
v 0.384167 1.560338 -0.320857
v 0.375745 1.457848 -0.313056
v 0.365944 1.354950 -0.302515
v 0.354472 1.251832 -0.288637
v 0.341551 1.149533 -0.271859
v 0.327545 1.049301 -0.252897
v 0.359467 1.666755 -0.288513
v 0.349237 1.561028 -0.281815
v 0.338510 1.455678 -0.273920
v 0.327039 1.350897 -0.264230
v 0.314646 1.246991 -0.252290
v 0.301441 1.144739 -0.238209
v 0.287603 1.045038 -0.222242
v 0.325572 1.665794 -0.250481
v 0.313398 1.558351 -0.243853
v 0.301003 1.451647 -0.236399
v 0.288276 1.346049 -0.227702
v 0.275138 1.241977 -0.217410
v 0.261629 1.140049 -0.205409
v 0.247819 1.040932 -0.191643
v 0.290440 1.661152 -0.214297
v 0.277014 1.553296 -0.208256
v 0.263533 1.446347 -0.201568
v 0.249973 1.340757 -0.193910
v 0.236314 1.236995 -0.184976
v 0.222575 1.135587 -0.174531
v 0.208782 1.037075 -0.162360
v 0.254602 1.654559 -0.181656
v 0.240527 1.547093 -0.176439
v 0.226488 1.440577 -0.170634
v 0.212504 1.335486 -0.163945
v 0.198596 1.232297 -0.156080
v 0.184786 1.131493 -0.146756
v 0.171100 1.033561 -0.135691
v 0.182820 1.642163 -0.133466
v 0.168909 1.535980 -0.129563
v 0.155106 1.430712 -0.125065
v 0.141466 1.326815 -0.119673
v 0.128044 1.224746 -0.113090
v 0.114893 1.124963 -0.105020
v 0.102068 1.027923 -0.095163
v 0.147269 1.638264 -0.119437
v 0.134029 1.532455 -0.115768
v 0.120913 1.427548 -0.111504
v 0.107982 1.323994 -0.106347
v 0.095298 1.222243 -0.099999
v 0.082923 1.122747 -0.092163
v 0.070919 1.025955 -0.082540
v 0.111794 1.636219 -0.111986
v 0.099547 1.530551 -0.108284
v 0.087429 1.425780 -0.103992
v 0.075503 1.322355 -0.098813
v 0.063835 1.220725 -0.092453
v 0.052488 1.121338 -0.084616
v 0.041526 1.024642 -0.075008
v 0.076257 1.636204 -0.110939
v 0.065272 1.530422 -0.106958
v 0.054412 1.425541 -0.102396
v 0.043740 1.322013 -0.096961
v 0.033320 1.220287 -0.090361
v 0.023212 1.120815 -0.082306
v 0.013481 1.024048 -0.072505
v 0.040517 1.638396 -0.116119
v 0.031010 1.532223 -0.111638
v 0.021619 1.426965 -0.106586
v 0.012402 1.323080 -0.100679
v 0.003417 1.221025 -0.093631
v -0.005278 1.121259 -0.085157
v -0.013624 1.024237 -0.074972
v 0.004436 1.642971 -0.127350
v -0.003429 1.536109 -0.122168
v -0.011192 1.430187 -0.116430
v -0.018802 1.325672 -0.109857
v -0.026207 1.223036 -0.102171
v -0.033356 1.122746 -0.093095
v -0.040199 1.025273 -0.082349
v -0.032126 1.650105 -0.144456
v -0.038238 1.542235 -0.138397
v -0.044264 1.435339 -0.131796
v -0.050162 1.329903 -0.124384
v -0.055887 1.226413 -0.115890
v -0.061398 1.125357 -0.106044
v -0.066651 1.027220 -0.094575
v 0.372618 0.865926 -0.253344
v 0.356800 0.776550 -0.228717
v 0.341290 0.690354 -0.204297
v 0.326298 0.606387 -0.179441
v 0.312154 0.523735 -0.153853
v 0.299334 0.441531 -0.127667
v 0.288351 0.358923 -0.101122
v 0.336109 0.862864 -0.234674
v 0.320697 0.773663 -0.211425
v 0.305582 0.687488 -0.187798
v 0.291035 0.603436 -0.163416
v 0.277383 0.520625 -0.138073
v 0.265066 0.438208 -0.111894
v 0.254553 0.355352 -0.085091
v 0.297876 0.859720 -0.211520
v 0.282911 0.770768 -0.189726
v 0.268253 0.684681 -0.166978
v 0.254208 0.600604 -0.143113
v 0.241105 0.517689 -0.118035
v 0.229347 0.435114 -0.091868
v 0.219354 0.352065 -0.064789
v 0.258770 0.856589 -0.185616
v 0.244267 0.767922 -0.165182
v 0.230115 0.681969 -0.143310
v 0.216628 0.597912 -0.119971
v 0.204128 0.514941 -0.095167
v 0.192974 0.432257 -0.069012
v 0.183539 0.349063 -0.041653
v 0.219613 0.853557 -0.158614
v 0.205584 0.765183 -0.139337
v 0.191983 0.679387 -0.118263
v 0.179108 0.595386 -0.095432
v 0.167258 0.512396 -0.070895
v 0.156747 0.429642 -0.044753
v 0.147896 0.346347 -0.017116
v 0.181181 0.850690 -0.132012
v 0.167662 0.762600 -0.113678
v 0.154667 0.676972 -0.093300
v 0.142459 0.593047 -0.070936
v 0.131302 0.510067 -0.046649
v 0.121462 0.427276 -0.020514
v 0.113211 0.343917 0.007386
v 0.144232 0.848052 -0.107269
v 0.131297 0.760222 -0.089679
v 0.118977 0.674757 -0.069881
v 0.107493 0.590919 -0.047923
v 0.097067 0.507969 -0.023854
v 0.087919 0.425167 0.002277
v 0.080271 0.341775 0.030419
v 0.077629 0.843705 -0.068950
v 0.066207 0.756271 -0.052299
v 0.055497 0.671071 -0.033269
v 0.045639 0.587392 -0.011865
v 0.036771 0.504521 0.011914
v 0.029032 0.421747 0.038063
v 0.022561 0.338357 0.066583
v 0.048278 0.842099 -0.056794
v 0.037806 0.754781 -0.040357
v 0.028038 0.669663 -0.021507
v 0.019078 0.586039 -0.000230
v 0.011031 0.503206 0.023491
v 0.004000 0.420460 0.049671
v -0.001909 0.337097 0.078324
v 0.021019 0.840930 -0.049338
v 0.011611 0.753662 -0.032953
v 0.002864 0.668582 -0.014149
v -0.005147 0.584992 0.007101
v -0.012350 0.502191 0.030827
v -0.018670 0.419479 0.057055
v -0.024034 0.336155 0.085815
v -0.004604 0.840238 -0.046542
v -0.012850 0.752946 -0.030054
v -0.020505 0.667858 -0.011166
v -0.027523 0.584275 0.010158
v -0.033858 0.501496 0.033953
v -0.039466 0.418820 0.060255
v -0.044302 0.335546 0.089100
v -0.029048 0.840066 -0.048368
v -0.036049 0.752669 -0.031626
v -0.042550 0.667520 -0.012526
v -0.048533 0.583913 0.008971
v -0.053981 0.501142 0.032902
v -0.058875 0.418501 0.059307
v -0.063198 0.335283 0.088223
v -0.052769 0.840456 -0.054777
v -0.058455 0.752865 -0.037637
v -0.063750 0.667594 -0.018200
v -0.068663 0.583928 0.003569
v -0.073205 0.501149 0.027707
v -0.077384 0.418539 0.054249
v -0.081210 0.335383 0.083230
v -0.076224 0.841449 -0.065728
v -0.080540 0.753567 -0.048052
v -0.084586 0.668111 -0.028157
v -0.088400 0.584346 -0.006016
v -0.092019 0.501538 0.018400
v -0.095482 0.418953 0.045117
v -0.098824 0.335858 0.074163
v 0.294164 -0.466159 0.204046
v 0.300595 -0.531491 0.244632
v 0.306640 -0.590772 0.286678
v 0.311850 -0.643452 0.329536
v 0.315914 -0.688978 0.372348
v 0.319077 -0.726785 0.413435
v 0.322039 -0.756177 0.450605
v 0.261355 -0.476303 0.233208
v 0.267962 -0.543231 0.274999
v 0.274443 -0.604207 0.318008
v 0.280465 -0.658604 0.361533
v 0.285845 -0.705804 0.404723
v 0.290999 -0.745243 0.446140
v 0.296640 -0.776337 0.484114
v 0.227006 -0.485837 0.267399
v 0.233718 -0.554436 0.310444
v 0.240539 -0.617254 0.354489
v 0.247240 -0.673607 0.398802
v 0.253706 -0.722827 0.442560
v 0.260284 -0.764310 0.484585
v 0.267455 -0.797464 0.523598
v 0.191763 -0.494590 0.304533
v 0.198470 -0.564840 0.348788
v 0.205463 -0.629500 0.393845
v 0.212590 -0.687838 0.438959
v 0.219764 -0.739135 0.483344
v 0.227151 -0.782704 0.526026
v 0.234979 -0.817873 0.565984
v 0.156275 -0.502393 0.342521
v 0.162832 -0.574181 0.387856
v 0.169767 -0.640550 0.433803
v 0.176976 -0.700719 0.479629
v 0.184379 -0.753907 0.524579
v 0.192001 -0.799352 0.567821
v 0.199897 -0.836294 0.608506
v 0.121192 -0.509079 0.379278
v 0.127437 -0.582218 0.425471
v 0.134086 -0.650083 0.472096
v 0.141047 -0.711836 0.518442
v 0.148239 -0.766641 0.563792
v 0.155609 -0.813666 0.607407
v 0.163115 -0.852082 0.648541
v 0.087165 -0.514480 0.412717
v 0.092928 -0.588715 0.459458
v 0.099069 -0.657790 0.506456
v 0.105495 -0.720817 0.553034
v 0.112116 -0.776910 0.598520
v 0.118845 -0.825182 0.642236
v 0.125596 -0.864748 0.683502
v 0.024704 -0.520827 0.461713
v 0.028956 -0.596236 0.508303
v 0.033462 -0.666617 0.554797
v 0.038119 -0.731023 0.600628
v 0.042826 -0.788510 0.645228
v 0.047482 -0.838134 0.688031
v 0.051986 -0.878947 0.728468
v -0.003522 -0.521825 0.475633
v -0.000286 -0.597311 0.521537
v 0.003128 -0.667789 0.567176
v 0.006621 -0.732311 0.612044
v 0.010093 -0.789925 0.655639
v 0.013446 -0.839683 0.697456
v 0.016582 -0.880633 0.736992
v -0.030274 -0.521644 0.482957
v -0.028201 -0.596946 0.527899
v -0.026027 -0.667242 0.572417
v -0.023847 -0.731588 0.616072
v -0.021752 -0.789042 0.658427
v -0.019834 -0.838660 0.699041
v -0.018186 -0.879501 0.737477
v -0.055995 -0.520501 0.484136
v -0.055208 -0.595430 0.527940
v -0.054399 -0.665335 0.571185
v -0.053651 -0.729290 0.613493
v -0.053046 -0.786369 0.654487
v -0.052666 -0.835645 0.693791
v -0.052593 -0.876192 0.731029
v -0.081127 -0.518617 0.479616
v -0.081729 -0.593048 0.522214
v -0.082383 -0.662427 0.564145
v -0.083158 -0.725850 0.605086
v -0.084126 -0.782414 0.644715
v -0.085354 -0.831215 0.682711
v -0.086915 -0.871349 0.718751
v -0.106114 -0.516209 0.469847
v -0.108184 -0.590086 0.511273
v -0.110373 -0.658876 0.551961
v -0.112736 -0.721702 0.591632
v -0.115328 -0.777685 0.630006
v -0.118206 -0.825948 0.666804
v -0.121426 -0.865612 0.701750
v -0.131397 -0.513497 0.455277
v -0.134994 -0.586830 0.495670
v -0.138765 -0.655042 0.535299
v -0.142750 -0.717279 0.573910
v -0.146990 -0.772690 0.611253
v -0.151527 -0.820422 0.647076
v -0.156402 -0.859623 0.681128
v 0.013932 0.167110 0.130697
v 0.011776 0.079188 0.166123
v 0.010894 -0.009480 0.203583
v 0.011148 -0.098245 0.242912
v 0.012402 -0.186460 0.283943
v 0.014521 -0.273478 0.326512
v 0.017367 -0.358652 0.370451
v -0.009982 0.165929 0.143077
v -0.012160 0.078061 0.178971
v -0.013247 -0.010550 0.216929
v -0.013361 -0.099261 0.256730
v -0.012622 -0.187431 0.298156
v -0.011150 -0.274419 0.340984
v -0.009063 -0.359584 0.384994
v -0.031629 0.165099 0.150991
v -0.033888 0.077308 0.187168
v -0.035248 -0.011212 0.225399
v -0.035813 -0.099818 0.265418
v -0.035683 -0.187869 0.306957
v -0.034962 -0.274723 0.349750
v -0.033753 -0.359740 0.393530
v -0.051497 0.164628 0.154504
v -0.053895 0.076930 0.190796
v -0.055600 -0.011475 0.229097
v -0.056696 -0.099939 0.269105
v -0.057267 -0.187818 0.310517
v -0.057398 -0.274464 0.353029
v -0.057174 -0.359232 0.396340
v -0.070072 0.164522 0.153682
v -0.072670 0.076927 0.189936
v -0.074792 -0.011349 0.228126
v -0.076500 -0.099651 0.267924
v -0.077861 -0.187325 0.309004
v -0.078940 -0.273717 0.351039
v -0.079800 -0.358172 0.393704
v -0.087842 0.164789 0.148591
v -0.090702 0.077299 0.184670
v -0.093311 -0.010844 0.222587
v -0.095714 -0.098977 0.262005
v -0.097952 -0.186435 0.302588
v -0.100068 -0.272555 0.343999
v -0.102105 -0.356673 0.385902
v -0.105294 0.165435 0.139295
v -0.108477 0.078047 0.175077
v -0.111648 -0.009970 0.212582
v -0.114825 -0.097942 0.251479
v -0.118025 -0.185195 0.291437
v -0.121265 -0.271054 0.332125
v -0.124561 -0.354846 0.373213
v 0.273800 0.189375 -0.047814
v 0.270452 0.102463 -0.020930
v 0.269374 0.015208 0.006553
v 0.270275 -0.071508 0.034997
v 0.272861 -0.156802 0.064760
v 0.276839 -0.239791 0.096203
v 0.281915 -0.319593 0.129687
v 0.240687 0.185265 -0.030364
v 0.237527 0.098048 -0.002348
v 0.236558 0.010424 0.026477
v 0.237504 -0.076757 0.056415
v 0.240092 -0.162646 0.087767
v 0.244047 -0.246392 0.120837
v 0.249093 -0.327144 0.155926
v 0.206235 0.181554 -0.008544
v 0.203274 0.094092 0.020683
v 0.202410 0.006154 0.050942
v 0.203389 -0.081444 0.082473
v 0.205956 -0.167887 0.115513
v 0.209855 -0.252361 0.150303
v 0.214832 -0.334050 0.187082
v 0.171206 0.178233 0.016150
v 0.168445 0.090579 0.046619
v 0.167674 0.002384 0.078344
v 0.168661 -0.085576 0.111498
v 0.171170 -0.172520 0.146251
v 0.174968 -0.257672 0.182774
v 0.179820 -0.340251 0.221240
v 0.136365 0.175291 0.042224
v 0.133791 0.087497 0.073917
v 0.133090 -0.000902 0.107081
v 0.134048 -0.089163 0.141819
v 0.136452 -0.176543 0.178231
v 0.140088 -0.262299 0.216420
v 0.144744 -0.345690 0.256487
v 0.102475 0.172718 0.068184
v 0.100066 0.084830 0.101032
v 0.099399 -0.003717 0.135548
v 0.100281 -0.092214 0.171763
v 0.102519 -0.179951 0.209707
v 0.105920 -0.266218 0.249412
v 0.110292 -0.350305 0.290909
v 0.070298 0.170503 0.092536
v 0.068022 0.082566 0.126422
v 0.067343 -0.006075 0.162142
v 0.068089 -0.094738 0.199657
v 0.070088 -0.182741 0.238930
v 0.073167 -0.269402 0.279920
v 0.077152 -0.354039 0.322592
v -0.141097 0.167882 0.108429
v -0.145116 0.080665 0.143316
v -0.149631 -0.007155 0.179670
v -0.154594 -0.094885 0.217226
v -0.159958 -0.181834 0.255720
v -0.165676 -0.267311 0.294882
v -0.171700 -0.350624 0.334441
v -0.159853 0.169642 0.087435
v -0.164375 0.082491 0.121767
v -0.169655 -0.005258 0.157458
v -0.175604 -0.092904 0.194319
v -0.182133 -0.179748 0.232150
v -0.189158 -0.265097 0.270716
v -0.196599 -0.348256 0.309772
v -0.179099 0.171697 0.063391
v -0.184167 0.084605 0.097133
v -0.190253 -0.003078 0.132175
v -0.197216 -0.090642 0.168446
v -0.204920 -0.177379 0.205841
v -0.213247 -0.262598 0.244129
v -0.222081 -0.345615 0.283047
v -0.198755 0.173998 0.036809
v -0.204399 0.086963 0.069950
v -0.211313 -0.000651 0.104414
v -0.219294 -0.088116 0.140297
v -0.228149 -0.174714 0.177621
v -0.237728 -0.259769 0.216107
v -0.247890 -0.342615 0.255403
v -0.218736 0.176498 0.008198
v -0.224980 0.089520 0.040754
v -0.232729 0.001988 0.074750
v -0.241710 -0.085348 0.110513
v -0.251664 -0.171755 0.148232
v -0.262408 -0.256577 0.187545
v -0.273779 -0.339178 0.227935
v -0.238963 0.179146 -0.021933
v -0.245820 0.092227 0.010051
v -0.254410 0.004787 0.043673
v -0.264373 -0.082394 0.079539
v -0.275374 -0.168560 0.118071
v -0.287167 -0.253051 0.158970
v -0.299550 -0.335256 0.201588
v -0.259352 0.181892 -0.053077
v -0.266834 0.095034 -0.021657
v -0.276266 0.007694 0.011655
v -0.287201 -0.079316 0.047771
v -0.299208 -0.165201 0.087435
v -0.311922 -0.249252 0.130706
v -0.325052 -0.330838 0.177076
v 0.612058 1.611209 -0.284355
v 0.620462 1.539068 -0.291717
v 0.621967 1.456159 -0.290993
v 0.616230 1.365122 -0.282916
v 0.603131 1.268603 -0.268294
v 0.583431 1.169267 -0.248235
v 0.558643 1.069811 -0.224107
v 0.592744 1.611567 -0.305621
v 0.601220 1.539306 -0.312920
v 0.603438 1.456252 -0.312347
v 0.599300 1.365056 -0.304688
v 0.588949 1.268376 -0.290816
v 0.573493 1.168903 -0.271963
v 0.554502 1.069346 -0.249523
v 0.573422 1.611925 -0.326881
v 0.581912 1.539541 -0.334068
v 0.584686 1.456334 -0.333516
v 0.581839 1.364963 -0.326021
v 0.573667 1.268094 -0.312474
v 0.561244 1.168425 -0.294143
v 0.545871 1.068665 -0.272398
v 0.554087 1.612283 -0.348130
v 0.562505 1.539770 -0.355134
v 0.565597 1.456399 -0.354407
v 0.563582 1.364830 -0.346697
v 0.556813 1.267734 -0.332862
v 0.546179 1.167811 -0.314216
v 0.532703 1.067769 -0.292188
v 0.534737 1.612639 -0.369367
v 0.542976 1.539994 -0.376099
v 0.546099 1.456444 -0.374960
v 0.544353 1.364650 -0.366569
v 0.538094 1.267282 -0.351708
v 0.528103 1.167048 -0.331805
v 0.515278 1.066666 -0.308476
v 0.515374 1.612996 -0.390594
v 0.523347 1.540213 -0.396982
v 0.526264 1.456473 -0.395235
v 0.524328 1.364430 -0.385784
v 0.517840 1.266752 -0.369257
v 0.507492 1.166150 -0.347070
v 0.494155 1.065356 -0.321026
v 0.496004 1.613351 -0.411814
v 0.503653 1.540429 -0.417810
v 0.506206 1.456489 -0.415325
v 0.503773 1.364183 -0.404560
v 0.496543 1.266168 -0.385895
v 0.485041 1.165144 -0.360422
v 0.470058 1.063845 -0.329861
v -0.434566 1.787911 -0.253403
v -0.405238 1.813579 -0.223605
v -0.370310 1.825524 -0.188549
v -0.330483 1.826555 -0.150155
v -0.286457 1.819478 -0.110345
v -0.238931 1.807103 -0.071040
v -0.188607 1.792236 -0.034162
v -0.416289 1.786370 -0.274147
v -0.387603 1.812105 -0.244881
v -0.353437 1.824105 -0.210402
v -0.314522 1.825182 -0.172607
v -0.271590 1.818151 -0.133398
v -0.225372 1.805826 -0.094672
v -0.176602 1.791019 -0.058330
v -0.398013 1.784828 -0.294890
v -0.369969 1.810632 -0.266157
v -0.336564 1.822685 -0.232254
v -0.298560 1.823810 -0.195060
v -0.256722 1.816824 -0.156451
v -0.211814 1.804548 -0.118304
v -0.164598 1.789802 -0.082497
v -0.379737 1.783287 -0.315633
v -0.352335 1.809158 -0.287432
v -0.319691 1.821266 -0.254107
v -0.282599 1.822437 -0.217512
v -0.241855 1.815497 -0.179504
v -0.198255 1.803271 -0.141936
v -0.152593 1.788584 -0.106664
v -0.361461 1.781746 -0.336376
v -0.334701 1.807684 -0.308708
v -0.302818 1.819846 -0.275959
v -0.266638 1.821064 -0.239965
v -0.226988 1.814169 -0.202557
v -0.184696 1.801993 -0.165568
v -0.140589 1.787367 -0.130832
v -0.343184 1.780204 -0.357119
v -0.317067 1.806210 -0.329983
v -0.285945 1.818426 -0.297812
v -0.250676 1.819691 -0.262417
v -0.212121 1.812842 -0.225610
v -0.171137 1.800716 -0.189200
v -0.128584 1.786150 -0.154999
v -0.324908 1.778663 -0.377863
v -0.299433 1.804736 -0.351259
v -0.269072 1.817007 -0.319665
v -0.234715 1.818319 -0.284870
v -0.197254 1.811515 -0.248663
v -0.157579 1.799438 -0.212832
v -0.116579 1.784933 -0.179166
v -0.508579 -0.743106 0.554369
v -0.512541 -0.707271 0.524210
v -0.512309 -0.663243 0.490530
v -0.507915 -0.611674 0.453661
v -0.499653 -0.553222 0.414253
v -0.488841 -0.488645 0.373219
v -0.477258 -0.418688 0.331447
v -0.511182 -0.756210 0.541597
v -0.515542 -0.718373 0.507057
v -0.515039 -0.673129 0.470353
v -0.510046 -0.620793 0.431501
v -0.501103 -0.561781 0.390789
v -0.489495 -0.496782 0.348985
v -0.476764 -0.426544 0.306951
v -0.508965 -0.769245 0.529301
v -0.513081 -0.730021 0.492069
v -0.511954 -0.683787 0.453151
v -0.506196 -0.630742 0.412675
v -0.496536 -0.571180 0.370894
v -0.484166 -0.505762 0.328488
v -0.470407 -0.435235 0.286242
v -0.501736 -0.779944 0.517060
v -0.505265 -0.740363 0.478733
v -0.503379 -0.693895 0.438699
v -0.496865 -0.640648 0.397290
v -0.486570 -0.580844 0.354895
v -0.473584 -0.515163 0.312133
v -0.459055 -0.444398 0.269681
v -0.489572 -0.786875 0.505074
v -0.492348 -0.748123 0.467010
v -0.489730 -0.702460 0.427021
v -0.482596 -0.649809 0.385580
v -0.471842 -0.590267 0.343176
v -0.458469 -0.524586 0.300360
v -0.443510 -0.453680 0.257685
v -0.473669 -0.790454 0.494494
v -0.475264 -0.753770 0.458010
v -0.471791 -0.709750 0.419055
v -0.464121 -0.658203 0.378279
v -0.453059 -0.599233 0.336339
v -0.439521 -0.533720 0.293733
v -0.424454 -0.462745 0.250851
v -0.455468 -0.791976 0.487043
v -0.455074 -0.758387 0.453276
v -0.450438 -0.716370 0.415985
v -0.442216 -0.665978 0.376251
v -0.430949 -0.607595 0.335042
v -0.417432 -0.542273 0.292852
v -0.402540 -0.471257 0.249853
v 0.382225 -0.731028 0.567172
v 0.359239 -0.753342 0.614727
v 0.330178 -0.774978 0.665074
v 0.295421 -0.795644 0.715815
v 0.255633 -0.814761 0.764500
v 0.212109 -0.831626 0.808799
v 0.166298 -0.845502 0.846413
v 0.381435 -0.748368 0.561239
v 0.356674 -0.775224 0.612812
v 0.326626 -0.800093 0.665382
v 0.291543 -0.823002 0.717217
v 0.251919 -0.843746 0.766425
v 0.208912 -0.861763 0.810861
v 0.163848 -0.876402 0.848313
v 0.378344 -0.762985 0.551236
v 0.352490 -0.792591 0.605034
v 0.321684 -0.819721 0.658933
v 0.286312 -0.844341 0.711428
v 0.246904 -0.866314 0.760900
v 0.204521 -0.885159 0.805321
v 0.160354 -0.900311 0.842560
v 0.372011 -0.774558 0.539328
v 0.345901 -0.805379 0.593407
v 0.314905 -0.833689 0.647277
v 0.279602 -0.859302 0.699560
v 0.240658 -0.881974 0.748754
v 0.199079 -0.901258 0.792873
v 0.155956 -0.916652 0.829804
v 0.362172 -0.782489 0.526848
v 0.336578 -0.813262 0.579325
v 0.306091 -0.841691 0.631617
v 0.271413 -0.867458 0.682545
v 0.233303 -0.890210 0.730742
v 0.192749 -0.909497 0.774188
v 0.150798 -0.924845 0.810697
v 0.350030 -0.786162 0.513856
v 0.325507 -0.815473 0.562579
v 0.295974 -0.842962 0.611872
v 0.262245 -0.868123 0.660612
v 0.225171 -0.890393 0.707320
v 0.185752 -0.909280 0.749848
v 0.145031 -0.924311 0.785877
v 0.337385 -0.784705 0.499555
v 0.314088 -0.811010 0.542311
v 0.285528 -0.836610 0.587612
v 0.252724 -0.860543 0.633813
v 0.216648 -0.881866 0.678872
v 0.178328 -0.900002 0.720414
v 0.138809 -0.914464 0.755979
v 0.401663 0.228684 0.029565
v 0.397858 0.145431 0.053684
v 0.396475 0.061971 0.077933
v 0.397159 -0.020781 0.102794
v 0.399556 -0.101911 0.128744
v 0.403311 -0.180507 0.156264
v 0.408070 -0.255656 0.185831
v 0.405718 0.224410 0.002561
v 0.401862 0.140745 0.026321
v 0.400464 0.056904 0.050131
v 0.401166 -0.026183 0.074493
v 0.403609 -0.107580 0.099907
v 0.407436 -0.186356 0.126874
v 0.412288 -0.261577 0.155895
v 0.402618 0.219652 -0.020676
v 0.398741 0.135525 0.002939
v 0.397341 0.051233 0.026566
v 0.398060 -0.032276 0.050717
v 0.400539 -0.114056 0.075904
v 0.404421 -0.193162 0.102638
v 0.409348 -0.268646 0.131431
v 0.393078 0.214563 -0.039547
v 0.389210 0.129939 -0.015870
v 0.387822 0.045151 0.007823
v 0.388559 -0.038848 0.032043
v 0.391066 -0.121106 0.057302
v 0.394989 -0.200669 0.084112
v 0.399974 -0.276586 0.112985
v 0.377812 0.209292 -0.053453
v 0.373985 0.124158 -0.029512
v 0.372624 0.038848 -0.005513
v 0.373381 -0.045687 0.019046
v 0.375910 -0.128495 0.044667
v 0.379861 -0.208621 0.071852
v 0.384889 -0.285116 0.101101
v 0.357536 0.203990 -0.061796
v 0.353781 0.118353 -0.037397
v 0.352463 0.032514 -0.012857
v 0.353246 -0.052581 0.012304
v 0.355791 -0.135989 0.038568
v 0.359760 -0.216762 0.066414
v 0.364817 -0.293957 0.096324
v 0.332964 0.198807 -0.063978
v 0.329312 0.112694 -0.038930
v 0.328056 0.026342 -0.013623
v 0.328870 -0.059318 0.012394
v 0.331429 -0.143354 0.039570
v 0.335409 -0.224835 0.068356
v 0.340483 -0.302830 0.099201
v -0.422318 0.398638 -0.019491
v -0.423586 0.477743 -0.048961
v -0.427076 0.557076 -0.078160
v -0.432399 0.637767 -0.106884
v -0.439169 0.720946 -0.134927
v -0.446995 0.807741 -0.162081
v -0.455491 0.899282 -0.188141
v -0.400859 0.392246 -0.037373
v -0.402024 0.471862 -0.066929
v -0.405447 0.551686 -0.096231
v -0.410742 0.632845 -0.125069
v -0.417518 0.716466 -0.153232
v -0.425390 0.803677 -0.180509
v -0.433969 0.895605 -0.206690
v -0.379400 0.385855 -0.055255
v -0.380462 0.465981 -0.084898
v -0.383819 0.546295 -0.114302
v -0.389084 0.627922 -0.143253
v -0.395868 0.711987 -0.171537
v -0.403785 0.799614 -0.198937
v -0.412448 0.891928 -0.225240
v -0.357941 0.379464 -0.073137
v -0.358900 0.460100 -0.102866
v -0.362191 0.540904 -0.132373
v -0.367426 0.622999 -0.161438
v -0.374218 0.707507 -0.189842
v -0.382180 0.795550 -0.217365
v -0.390927 0.888250 -0.243789
v -0.336482 0.373073 -0.091019
v -0.337339 0.454219 -0.120835
v -0.340563 0.535514 -0.150444
v -0.345768 0.618077 -0.179622
v -0.352567 0.703028 -0.208147
v -0.360575 0.791487 -0.235793
v -0.369405 0.884573 -0.262339
v -0.315023 0.366682 -0.108901
v -0.315777 0.448338 -0.138804
v -0.318934 0.530123 -0.168515
v -0.324110 0.613154 -0.197807
v -0.330917 0.698548 -0.226452
v -0.338970 0.787423 -0.254221
v -0.347884 0.880896 -0.280888
v -0.293564 0.360290 -0.126782
v -0.294215 0.442457 -0.156772
v -0.297306 0.524732 -0.186586
v -0.302452 0.608231 -0.215991
v -0.309266 0.694069 -0.244756
v -0.317365 0.783359 -0.272649
v -0.326363 0.877218 -0.299438
v 0.511478 0.881328 -0.172998
v 0.492983 0.794131 -0.148143
v 0.475747 0.710408 -0.123013
v 0.459402 0.629183 -0.097503
v 0.443963 0.549512 -0.071665
v 0.429901 0.470490 -0.045752
v 0.417799 0.391224 -0.020064
v 0.515489 0.880392 -0.200461
v 0.497659 0.792771 -0.175462
v 0.480549 0.708614 -0.150079
v 0.464129 0.626964 -0.124335
v 0.448551 0.546879 -0.098332
v 0.434332 0.467451 -0.072342
v 0.422077 0.387779 -0.046677
v 0.511740 0.879118 -0.224093
v 0.494593 0.791097 -0.199019
v 0.477700 0.706519 -0.173498
v 0.461292 0.624439 -0.147619
v 0.445671 0.543921 -0.121512
v 0.431393 0.464056 -0.095459
v 0.419073 0.383940 -0.069779
v 0.501214 0.877557 -0.243470
v 0.484600 0.789155 -0.218273
v 0.467944 0.704174 -0.192679
v 0.451621 0.621672 -0.166752
v 0.436047 0.540717 -0.140599
v 0.421803 0.460400 -0.114497
v 0.409507 0.379819 -0.088764
v 0.484790 0.875747 -0.258093
v 0.468477 0.786985 -0.232660
v 0.452022 0.701626 -0.207027
v 0.435845 0.618725 -0.181134
v 0.420405 0.537345 -0.154991
v 0.406283 0.456579 -0.128851
v 0.394095 0.375529 -0.103028
v 0.463138 0.873692 -0.267238
v 0.446939 0.784614 -0.241530
v 0.430665 0.698923 -0.215936
v 0.414695 0.615661 -0.190161
v 0.399469 0.533883 -0.164082
v 0.385555 0.452688 -0.137917
v 0.373554 0.371184 -0.111967
v 0.436858 0.871383 -0.270081
v 0.420680 0.782067 -0.244215
v 0.404603 0.696113 -0.218798
v 0.388898 0.612542 -0.193233
v 0.373962 0.530410 -0.167270
v 0.360338 0.448822 -0.141088
v 0.348603 0.366896 -0.114975
v -0.472856 1.100383 -0.236031
v -0.480476 1.207780 -0.256705
v -0.486265 1.315596 -0.273975
v -0.489362 1.420538 -0.286890
v -0.488904 1.519313 -0.294502
v -0.484032 1.608630 -0.295861
v -0.473882 1.685194 -0.290017
v -0.451619 1.097381 -0.254803
v -0.459442 1.205064 -0.275587
v -0.465478 1.313135 -0.292981
v -0.468867 1.418301 -0.306047
v -0.468749 1.517271 -0.313849
v -0.464266 1.606753 -0.315450
v -0.454557 1.683454 -0.309912
v -0.430382 1.094378 -0.273576
v -0.438409 1.202349 -0.294469
v -0.444691 1.310674 -0.311987
v -0.448372 1.416065 -0.325205
v -0.448594 1.515228 -0.333197
v -0.444500 1.604875 -0.335039
v -0.435231 1.681715 -0.329807
v -0.409145 1.091375 -0.292348
v -0.417375 1.199633 -0.313352
v -0.423905 1.308214 -0.330994
v -0.427878 1.413828 -0.344362
v -0.428439 1.513186 -0.352544
v -0.424734 1.602998 -0.354629
v -0.415906 1.679975 -0.349703
v -0.387909 1.088373 -0.311121
v -0.396342 1.196918 -0.332234
v -0.403118 1.305753 -0.350000
v -0.407383 1.411591 -0.363519
v -0.408285 1.511143 -0.371892
v -0.404968 1.601121 -0.374218
v -0.396581 1.678236 -0.369598
v -0.366672 1.085370 -0.329893
v -0.375309 1.194202 -0.351116
v -0.382331 1.303293 -0.369006
v -0.386889 1.409354 -0.382676
v -0.388130 1.509100 -0.391239
v -0.385202 1.599243 -0.393807
v -0.377256 1.676496 -0.389493
v -0.345435 1.082368 -0.348665
v -0.354275 1.191487 -0.369998
v -0.361545 1.300832 -0.388013
v -0.366394 1.407118 -0.401834
v -0.367975 1.507058 -0.410587
v -0.365437 1.597366 -0.413396
v -0.357931 1.674757 -0.409388
v 0.348244 1.761924 -0.013394
v 0.395559 1.768005 -0.049990
v 0.439834 1.771389 -0.090168
v 0.480540 1.769848 -0.131740
v 0.517149 1.761159 -0.172516
v 0.549131 1.743094 -0.210306
v 0.575957 1.713430 -0.242921
v 0.336880 1.762006 -0.038134
v 0.382456 1.768214 -0.074279
v 0.425234 1.771706 -0.113958
v 0.464670 1.770252 -0.155008
v 0.500219 1.761623 -0.195266
v 0.531338 1.743589 -0.232571
v 0.557482 1.713919 -0.264758
v 0.325516 1.762088 -0.062875
v 0.369354 1.768422 -0.098568
v 0.410635 1.772022 -0.137747
v 0.448800 1.770655 -0.178275
v 0.483290 1.762087 -0.218017
v 0.513546 1.744083 -0.254835
v 0.539008 1.714408 -0.286595
v 0.314152 1.762170 -0.087615
v 0.356251 1.768629 -0.122857
v 0.396035 1.772339 -0.161536
v 0.432930 1.771059 -0.201543
v 0.466361 1.762551 -0.240767
v 0.495754 1.744577 -0.277099
v 0.520533 1.714898 -0.308431
v 0.302788 1.762253 -0.112356
v 0.343148 1.768837 -0.147147
v 0.381435 1.772655 -0.185326
v 0.417060 1.771462 -0.224810
v 0.449432 1.763016 -0.263517
v 0.477961 1.745071 -0.299364
v 0.502059 1.715387 -0.330268
v 0.291424 1.762335 -0.137096
v 0.330046 1.769045 -0.171436
v 0.366836 1.772972 -0.209115
v 0.401190 1.771866 -0.248077
v 0.432503 1.763480 -0.286267
v 0.460169 1.745566 -0.321628
v 0.483584 1.715876 -0.352105
v 0.280060 1.762417 -0.161837
v 0.316943 1.769253 -0.195725
v 0.352236 1.773288 -0.232904
v 0.385320 1.772269 -0.271345
v 0.415573 1.763944 -0.309017
v 0.442377 1.746060 -0.343893
v 0.465110 1.716365 -0.373941
v -0.082317 1.765761 0.024914
v -0.027473 1.756791 0.044980
v 0.027924 1.750601 0.058353
v 0.083451 1.747021 0.064822
v 0.138687 1.745879 0.064176
v 0.193209 1.747004 0.056203
v 0.246593 1.750225 0.040692
v -0.074267 1.764719 -0.000109
v -0.021784 1.755864 0.019661
v 0.031089 1.749805 0.032829
v 0.084002 1.746366 0.039187
v 0.136604 1.745373 0.038524
v 0.188546 1.746650 0.030630
v 0.239478 1.750022 0.015297
v -0.066218 1.763676 -0.025131
v -0.016094 1.754937 -0.005658
v 0.034255 1.749008 0.007305
v 0.084552 1.745711 0.013551
v 0.134521 1.744867 0.012871
v 0.183883 1.746296 0.005057
v 0.232363 1.749819 -0.010098
v -0.058168 1.762633 -0.050154
v -0.010405 1.754010 -0.030977
v 0.037420 1.748212 -0.018219
v 0.085103 1.745057 -0.012085
v 0.132438 1.744361 -0.012782
v 0.179221 1.745941 -0.020516
v 0.225247 1.749616 -0.035493
v -0.050119 1.761590 -0.075177
v -0.004715 1.753083 -0.056296
v 0.040586 1.747415 -0.043743
v 0.085653 1.744402 -0.037721
v 0.130354 1.743854 -0.038435
v 0.174558 1.745587 -0.046089
v 0.218132 1.749412 -0.060888
v -0.042069 1.760547 -0.100200
v 0.000974 1.752156 -0.081615
v 0.043751 1.746619 -0.069267
v 0.086203 1.743747 -0.063356
v 0.128271 1.743348 -0.064087
v 0.169895 1.745232 -0.071662
v 0.211017 1.749209 -0.086282
v -0.034020 1.759504 -0.125223
v 0.006664 1.751228 -0.106934
v 0.046917 1.745823 -0.094791
v 0.086754 1.743092 -0.088992
v 0.126188 1.742842 -0.089740
v 0.165233 1.744878 -0.097235
v 0.203902 1.749006 -0.111677
v -0.287667 -0.833236 0.783893
v -0.331490 -0.829138 0.756536
v -0.372668 -0.824650 0.728253
v -0.409755 -0.818976 0.699095
v -0.441472 -0.811381 0.669234
v -0.467230 -0.801382 0.639335
v -0.486726 -0.788312 0.610159
v -0.283240 -0.862966 0.782100
v -0.326841 -0.858520 0.755034
v -0.368041 -0.853504 0.727084
v -0.405474 -0.847003 0.698203
v -0.437940 -0.838096 0.668383
v -0.464917 -0.825841 0.637778
v -0.486118 -0.809159 0.606527
v -0.277399 -0.885823 0.774122
v -0.320547 -0.881100 0.747341
v -0.361581 -0.875664 0.719725
v -0.399229 -0.868508 0.691169
v -0.432347 -0.858605 0.661558
v -0.460322 -0.844863 0.630743
v -0.482681 -0.826150 0.598553
v -0.270425 -0.901276 0.760621
v -0.312878 -0.896352 0.734136
v -0.353468 -0.890609 0.706904
v -0.390995 -0.882977 0.678828
v -0.424346 -0.872393 0.649765
v -0.452752 -0.857814 0.619402
v -0.475533 -0.838205 0.587382
v -0.262603 -0.908796 0.742264
v -0.304118 -0.903751 0.716089
v -0.343933 -0.897820 0.689322
v -0.380873 -0.889904 0.661944
v -0.413830 -0.878943 0.633857
v -0.441950 -0.864033 0.604650
v -0.464436 -0.844302 0.573814
v -0.254224 -0.907856 0.719709
v -0.294613 -0.902775 0.693833
v -0.333410 -0.896788 0.667552
v -0.369444 -0.888802 0.640985
v -0.401599 -0.877814 0.614170
v -0.428970 -0.863197 0.586839
v -0.450685 -0.844349 0.558495
v -0.245582 -0.897926 0.693614
v -0.284723 -0.892902 0.667992
v -0.322386 -0.887005 0.642138
v -0.357412 -0.879187 0.616341
v -0.388684 -0.868572 0.590884
v -0.415260 -0.854981 0.566012
v -0.436157 -0.838338 0.541698
v 0.073352 -0.861590 0.892980
v 0.027559 -0.863773 0.900915
v -0.017838 -0.862914 0.900129
v -0.062946 -0.859719 0.891904
v -0.107873 -0.854896 0.877524
v -0.152727 -0.849154 0.858271
v -0.197616 -0.843200 0.835427
v 0.072613 -0.893182 0.894019
v 0.027651 -0.895414 0.901389
v -0.016950 -0.894453 0.900010
v -0.061306 -0.891043 0.891209
v -0.105533 -0.885926 0.876314
v -0.149749 -0.879845 0.856652
v -0.194069 -0.873542 0.833549
v 0.071223 -0.917501 0.887550
v 0.027322 -0.919738 0.894524
v -0.016236 -0.918683 0.892759
v -0.059579 -0.915103 0.883607
v -0.102839 -0.909763 0.868420
v -0.146145 -0.903429 0.848551
v -0.189626 -0.896866 0.825350
v 0.069232 -0.933975 0.874242
v 0.026574 -0.936180 0.880995
v -0.015741 -0.935045 0.879054
v -0.057860 -0.931346 0.869778
v -0.099929 -0.925860 0.854523
v -0.142096 -0.919365 0.834646
v -0.184507 -0.912635 0.811506
v 0.066688 -0.942034 0.854763
v 0.025407 -0.944175 0.861478
v -0.015513 -0.942978 0.859577
v -0.056240 -0.939218 0.850404
v -0.096940 -0.933671 0.835302
v -0.137782 -0.927111 0.815617
v -0.178932 -0.920314 0.792690
v 0.063641 -0.941106 0.829780
v 0.023822 -0.943157 0.836647
v -0.015599 -0.941924 0.835005
v -0.054813 -0.938167 0.826166
v -0.094010 -0.932648 0.811440
v -0.133382 -0.926126 0.792140
v -0.173118 -0.919365 0.769578
v 0.060141 -0.930621 0.799960
v 0.021819 -0.932563 0.807177
v -0.016046 -0.931324 0.806018
v -0.053672 -0.927640 0.797745
v -0.091277 -0.922244 0.783617
v -0.129076 -0.915870 0.764896
v -0.167287 -0.909252 0.742842
v -0.462416 -0.264914 0.247413
v -0.458551 -0.183057 0.207006
v -0.453778 -0.099529 0.169110
v -0.447798 -0.015131 0.133778
v -0.440862 0.069447 0.100798
v -0.433842 0.153630 0.069613
v -0.427765 0.236873 0.039576
v -0.454764 -0.273174 0.225071
v -0.446165 -0.191706 0.186383
v -0.437878 -0.108309 0.149737
v -0.429526 -0.023799 0.115210
v -0.421073 0.061070 0.082711
v -0.413172 0.145674 0.051762
v -0.406653 0.229419 0.021792
v -0.443869 -0.281839 0.205198
v -0.432167 -0.200504 0.167261
v -0.421238 -0.117127 0.131201
v -0.410902 -0.032481 0.097067
v -0.401135 0.052688 0.064803
v -0.392459 0.137716 0.033965
v -0.385534 0.221965 0.004014
v -0.429788 -0.290779 0.188317
v -0.416245 -0.209425 0.150178
v -0.403550 -0.125990 0.113893
v -0.391751 -0.041182 0.079559
v -0.380975 0.044297 0.047162
v -0.371680 0.129756 0.016247
v -0.364408 0.214510 -0.013753
v -0.412827 -0.299821 0.174809
v -0.398311 -0.218420 0.135492
v -0.384625 -0.134900 0.098075
v -0.371956 -0.049907 0.062829
v -0.360543 0.035896 0.029850
v -0.350820 0.121793 -0.001374
v -0.343271 0.207055 -0.031509
v -0.393499 -0.308789 0.164832
v -0.378728 -0.227424 0.123026
v -0.364686 -0.143841 0.083509
v -0.351634 -0.058652 0.046735
v -0.339889 0.027486 0.012806
v -0.329895 0.113827 -0.018916
v -0.322127 0.199600 -0.049254
v -0.372401 -0.317537 0.158296
v -0.357991 -0.236381 0.112362
v -0.344065 -0.152797 0.069817
v -0.330960 -0.067410 0.031065
v -0.319086 0.019071 -0.004059
v -0.308925 0.105859 -0.036404
v -0.300977 0.192144 -0.066993
v 0.419089 -0.392123 0.252827
v 0.424077 -0.452601 0.290017
v 0.427528 -0.507953 0.328780
v 0.428523 -0.558253 0.368398
v 0.426308 -0.603514 0.408150
v 0.420765 -0.643518 0.447302
v 0.411909 -0.677997 0.485453
v 0.423541 -0.397804 0.221931
v 0.428661 -0.458036 0.258915
v 0.432245 -0.513166 0.297892
v 0.433371 -0.563352 0.338330
v 0.431216 -0.608766 0.379797
v 0.425360 -0.649621 0.422256
v 0.415444 -0.686188 0.465971
v 0.420812 -0.405159 0.197094
v 0.426094 -0.465453 0.234097
v 0.429908 -0.520654 0.273427
v 0.431358 -0.570973 0.314706
v 0.429598 -0.616671 0.357665
v 0.423994 -0.658206 0.402478
v 0.413962 -0.696091 0.449453
v 0.411626 -0.413859 0.178833
v 0.417085 -0.474458 0.216030
v 0.421190 -0.529894 0.255733
v 0.423086 -0.580362 0.297650
v 0.421938 -0.626135 0.341567
v 0.416980 -0.667794 0.387563
v 0.407468 -0.706002 0.435794
v 0.396705 -0.423571 0.167667
v 0.402348 -0.484671 0.205193
v 0.406772 -0.540415 0.245204
v 0.409180 -0.590894 0.287407
v 0.408766 -0.636316 0.331555
v 0.404699 -0.677363 0.377580
v 0.396132 -0.714851 0.425472
v 0.376775 -0.433975 0.164120
v 0.382605 -0.495779 0.202127
v 0.387378 -0.551965 0.242437
v 0.390362 -0.602459 0.284693
v 0.390819 -0.647315 0.328521
v 0.387993 -0.687098 0.373507
v 0.381032 -0.722632 0.419327
v 0.352560 -0.444750 0.168722
v 0.358583 -0.507483 0.207384
v 0.363742 -0.564346 0.248078
v 0.367380 -0.615078 0.290342
v 0.368878 -0.659491 0.333590
v 0.367759 -0.697679 0.376754
v 0.363397 -0.730024 0.418736
s 1
f 573 574 581 580
f 574 575 582 581
f 575 576 583 582
f 576 577 584 583
f 577 578 585 584
f 578 579 586 585
f 580 581 588 587
f 581 582 589 588
f 582 583 590 589
f 583 584 591 590
f 584 585 592 591
f 585 586 593 592
f 587 588 595 594
f 588 589 596 595
f 589 590 597 596
f 590 591 598 597
f 591 592 599 598
f 592 593 600 599
f 594 595 602 601
f 595 596 603 602
f 596 597 604 603
f 597 598 605 604
f 598 599 606 605
f 599 600 607 606
f 601 602 609 608
f 602 603 610 609
f 603 604 611 610
f 604 605 612 611
f 605 606 613 612
f 606 607 614 613
f 608 609 616 615
f 609 610 617 616
f 610 611 618 617
f 611 612 619 618
f 612 613 620 619
f 613 614 621 620
f 20 257 573 202
f 257 256 574 573
f 256 255 575 574
f 255 254 576 575
f 254 253 577 576
f 253 252 578 577
f 252 251 579 578
f 251 17 55 579
f 579 55 56 586
f 586 56 57 593
f 593 57 58 600
f 600 58 59 607
f 607 59 60 614
f 614 60 61 621
f 621 61 4 125
f 620 621 125 126
f 619 620 126 127
f 618 619 127 128
f 617 618 128 129
f 616 617 129 130
f 615 616 130 131
f 208 615 131 11
f 207 608 615 208
f 206 601 608 207
f 205 594 601 206
f 204 587 594 205
f 203 580 587 204
f 202 573 580 203
f 622 623 630 629
f 623 624 631 630
f 624 625 632 631
f 625 626 633 632
f 626 627 634 633
f 627 628 635 634
f 629 630 637 636
f 630 631 638 637
f 631 632 639 638
f 632 633 640 639
f 633 634 641 640
f 634 635 642 641
f 636 637 644 643
f 637 638 645 644
f 638 639 646 645
f 639 640 647 646
f 640 641 648 647
f 641 642 649 648
f 643 644 651 650
f 644 645 652 651
f 645 646 653 652
f 646 647 654 653
f 647 648 655 654
f 648 649 656 655
f 650 651 658 657
f 651 652 659 658
f 652 653 660 659
f 653 654 661 660
f 654 655 662 661
f 655 656 663 662
f 657 658 665 664
f 658 659 666 665
f 659 660 667 666
f 660 661 668 667
f 661 662 669 668
f 662 663 670 669
f 15 159 622 188
f 159 158 623 622
f 158 157 624 623
f 157 156 625 624
f 156 155 626 625
f 155 154 627 626
f 154 153 628 627
f 153 8 76 628
f 628 76 77 635
f 635 77 78 642
f 642 78 79 649
f 649 79 80 656
f 656 80 81 663
f 663 81 82 670
f 670 82 6 139
f 669 670 139 140
f 668 669 140 141
f 667 668 141 142
f 666 667 142 143
f 665 666 143 144
f 664 665 144 145
f 194 664 145 13
f 193 657 664 194
f 192 650 657 193
f 191 643 650 192
f 190 636 643 191
f 189 629 636 190
f 188 622 629 189
f 671 672 679 678
f 672 673 680 679
f 673 674 681 680
f 674 675 682 681
f 675 676 683 682
f 676 677 684 683
f 678 679 686 685
f 679 680 687 686
f 680 681 688 687
f 681 682 689 688
f 682 683 690 689
f 683 684 691 690
f 685 686 693 692
f 686 687 694 693
f 687 688 695 694
f 688 689 696 695
f 689 690 697 696
f 690 691 698 697
f 692 693 700 699
f 693 694 701 700
f 694 695 702 701
f 695 696 703 702
f 696 697 704 703
f 697 698 705 704
f 699 700 707 706
f 700 701 708 707
f 701 702 709 708
f 702 703 710 709
f 703 704 711 710
f 704 705 712 711
f 706 707 714 713
f 707 708 715 714
f 708 709 716 715
f 709 710 717 716
f 710 711 718 717
f 711 712 719 718
f 10 48 671 174
f 48 49 672 671
f 49 50 673 672
f 50 51 674 673
f 51 52 675 674
f 52 53 676 675
f 53 54 677 676
f 54 2 97 677
f 677 97 98 684
f 684 98 99 691
f 691 99 100 698
f 698 100 101 705
f 705 101 102 712
f 712 102 103 719
f 719 103 8 153
f 718 719 153 154
f 717 718 154 155
f 716 717 155 156
f 715 716 156 157
f 714 715 157 158
f 713 714 158 159
f 180 713 159 15
f 179 706 713 180
f 178 699 706 179
f 177 692 699 178
f 176 685 692 177
f 175 678 685 176
f 174 671 678 175
f 720 721 728 727
f 721 722 729 728
f 722 723 730 729
f 723 724 731 730
f 724 725 732 731
f 725 726 733 732
f 727 728 735 734
f 728 729 736 735
f 729 730 737 736
f 730 731 738 737
f 731 732 739 738
f 732 733 740 739
f 734 735 742 741
f 735 736 743 742
f 736 737 744 743
f 737 738 745 744
f 738 739 746 745
f 739 740 747 746
f 741 742 749 748
f 742 743 750 749
f 743 744 751 750
f 744 745 752 751
f 745 746 753 752
f 746 747 754 753
f 748 749 756 755
f 749 750 757 756
f 750 751 758 757
f 751 752 759 758
f 752 753 760 759
f 753 754 761 760
f 755 756 763 762
f 756 757 764 763
f 757 758 765 764
f 758 759 766 765
f 759 760 767 766
f 760 761 768 767
f 1 111 720 47
f 111 112 721 720
f 112 113 722 721
f 113 114 723 722
f 114 115 724 723
f 115 116 725 724
f 116 117 726 725
f 117 9 167 726
f 726 167 168 733
f 733 168 169 740
f 740 169 170 747
f 747 170 171 754
f 754 171 172 761
f 761 172 173 768
f 768 173 16 104
f 767 768 104 105
f 766 767 105 106
f 765 766 106 107
f 764 765 107 108
f 763 764 108 109
f 762 763 109 110
f 41 762 110 7
f 42 755 762 41
f 43 748 755 42
f 44 741 748 43
f 45 734 741 44
f 46 727 734 45
f 47 720 727 46
f 769 770 777 776
f 770 771 778 777
f 771 772 779 778
f 772 773 780 779
f 773 774 781 780
f 774 775 782 781
f 776 777 784 783
f 777 778 785 784
f 778 779 786 785
f 779 780 787 786
f 780 781 788 787
f 781 782 789 788
f 783 784 791 790
f 784 785 792 791
f 785 786 793 792
f 786 787 794 793
f 787 788 795 794
f 788 789 796 795
f 790 791 798 797
f 791 792 799 798
f 792 793 800 799
f 793 794 801 800
f 794 795 802 801
f 795 796 803 802
f 797 798 805 804
f 798 799 806 805
f 799 800 807 806
f 800 801 808 807
f 801 802 809 808
f 802 803 810 809
f 804 805 812 811
f 805 806 813 812
f 806 807 814 813
f 807 808 815 814
f 808 809 816 815
f 809 810 817 816
f 9 118 769 167
f 118 119 770 769
f 119 120 771 770
f 120 121 772 771
f 121 122 773 772
f 122 123 774 773
f 123 124 775 774
f 124 10 174 775
f 775 174 175 782
f 782 175 176 789
f 789 176 177 796
f 796 177 178 803
f 803 178 179 810
f 810 179 180 817
f 817 180 15 160
f 816 817 160 161
f 815 816 161 162
f 814 815 162 163
f 813 814 163 164
f 812 813 164 165
f 811 812 165 166
f 173 811 166 16
f 172 804 811 173
f 171 797 804 172
f 170 790 797 171
f 169 783 790 170
f 168 776 783 169
f 167 769 776 168
f 818 819 826 825
f 819 820 827 826
f 820 821 828 827
f 821 822 829 828
f 822 823 830 829
f 823 824 831 830
f 825 826 833 832
f 826 827 834 833
f 827 828 835 834
f 828 829 836 835
f 829 830 837 836
f 830 831 838 837
f 832 833 840 839
f 833 834 841 840
f 834 835 842 841
f 835 836 843 842
f 836 837 844 843
f 837 838 845 844
f 839 840 847 846
f 840 841 848 847
f 841 842 849 848
f 842 843 850 849
f 843 844 851 850
f 844 845 852 851
f 846 847 854 853
f 847 848 855 854
f 848 849 856 855
f 849 850 857 856
f 850 851 858 857
f 851 852 859 858
f 853 854 861 860
f 854 855 862 861
f 855 856 863 862
f 856 857 864 863
f 857 858 865 864
f 858 859 866 865
f 7 110 818 96
f 110 109 819 818
f 109 108 820 819
f 108 107 821 820
f 107 106 822 821
f 106 105 823 822
f 105 104 824 823
f 104 16 181 824
f 824 181 182 831
f 831 182 183 838
f 838 183 184 845
f 845 184 185 852
f 852 185 186 859
f 859 186 187 866
f 866 187 14 83
f 865 866 83 84
f 864 865 84 85
f 863 864 85 86
f 862 863 86 87
f 861 862 87 88
f 860 861 88 89
f 90 860 89 5
f 91 853 860 90
f 92 846 853 91
f 93 839 846 92
f 94 832 839 93
f 95 825 832 94
f 96 818 825 95
f 867 868 875 874
f 868 869 876 875
f 869 870 877 876
f 870 871 878 877
f 871 872 879 878
f 872 873 880 879
f 874 875 882 881
f 875 876 883 882
f 876 877 884 883
f 877 878 885 884
f 878 879 886 885
f 879 880 887 886
f 881 882 889 888
f 882 883 890 889
f 883 884 891 890
f 884 885 892 891
f 885 886 893 892
f 886 887 894 893
f 888 889 896 895
f 889 890 897 896
f 890 891 898 897
f 891 892 899 898
f 892 893 900 899
f 893 894 901 900
f 895 896 903 902
f 896 897 904 903
f 897 898 905 904
f 898 899 906 905
f 899 900 907 906
f 900 901 908 907
f 902 903 910 909
f 903 904 911 910
f 904 905 912 911
f 905 906 913 912
f 906 907 914 913
f 907 908 915 914
f 16 166 867 181
f 166 165 868 867
f 165 164 869 868
f 164 163 870 869
f 163 162 871 870
f 162 161 872 871
f 161 160 873 872
f 160 15 188 873
f 873 188 189 880
f 880 189 190 887
f 887 190 191 894
f 894 191 192 901
f 901 192 193 908
f 908 193 194 915
f 915 194 13 146
f 914 915 146 147
f 913 914 147 148
f 912 913 148 149
f 911 912 149 150
f 910 911 150 151
f 909 910 151 152
f 187 909 152 14
f 186 902 909 187
f 185 895 902 186
f 184 888 895 185
f 183 881 888 184
f 182 874 881 183
f 181 867 874 182
f 916 917 924 923
f 917 918 925 924
f 918 919 926 925
f 919 920 927 926
f 920 921 928 927
f 921 922 929 928
f 923 924 931 930
f 924 925 932 931
f 925 926 933 932
f 926 927 934 933
f 927 928 935 934
f 928 929 936 935
f 930 931 938 937
f 931 932 939 938
f 932 933 940 939
f 933 934 941 940
f 934 935 942 941
f 935 936 943 942
f 937 938 945 944
f 938 939 946 945
f 939 940 947 946
f 940 941 948 947
f 941 942 949 948
f 942 943 950 949
f 944 945 952 951
f 945 946 953 952
f 946 947 954 953
f 947 948 955 954
f 948 949 956 955
f 949 950 957 956
f 951 952 959 958
f 952 953 960 959
f 953 954 961 960
f 954 955 962 961
f 955 956 963 962
f 956 957 964 963
f 18 250 916 222
f 250 249 917 916
f 249 248 918 917
f 248 247 919 918
f 247 246 920 919
f 246 245 921 920
f 245 244 922 921
f 244 19 195 922
f 922 195 196 929
f 929 196 197 936
f 936 197 198 943
f 943 198 199 950
f 950 199 200 957
f 957 200 201 964
f 964 201 12 62
f 963 964 62 63
f 962 963 63 64
f 961 962 64 65
f 960 961 65 66
f 959 960 66 67
f 958 959 67 68
f 216 958 68 3
f 217 951 958 216
f 218 944 951 217
f 219 937 944 218
f 220 930 937 219
f 221 923 930 220
f 222 916 923 221
f 965 966 973 972
f 966 967 974 973
f 967 968 975 974
f 968 969 976 975
f 969 970 977 976
f 970 971 978 977
f 972 973 980 979
f 973 974 981 980
f 974 975 982 981
f 975 976 983 982
f 976 977 984 983
f 977 978 985 984
f 979 980 987 986
f 980 981 988 987
f 981 982 989 988
f 982 983 990 989
f 983 984 991 990
f 984 985 992 991
f 986 987 994 993
f 987 988 995 994
f 988 989 996 995
f 989 990 997 996
f 990 991 998 997
f 991 992 999 998
f 993 994 1001 1000
f 994 995 1002 1001
f 995 996 1003 1002
f 996 997 1004 1003
f 997 998 1005 1004
f 998 999 1006 1005
f 1000 1001 1008 1007
f 1001 1002 1009 1008
f 1002 1003 1010 1009
f 1003 1004 1011 1010
f 1004 1005 1012 1011
f 1005 1006 1013 1012
f 19 243 965 195
f 243 242 966 965
f 242 241 967 966
f 241 240 968 967
f 240 239 969 968
f 239 238 970 969
f 238 237 971 970
f 237 20 202 971
f 971 202 203 978
f 978 203 204 985
f 985 204 205 992
f 992 205 206 999
f 999 206 207 1006
f 1006 207 208 1013
f 1013 208 11 132
f 1012 1013 132 133
f 1011 1012 133 134
f 1010 1011 134 135
f 1009 1010 135 136
f 1008 1009 136 137
f 1007 1008 137 138
f 201 1007 138 12
f 200 1000 1007 201
f 199 993 1000 200
f 198 986 993 199
f 197 979 986 198
f 196 972 979 197
f 195 965 972 196
f 1014 1015 1022 1021
f 1015 1016 1023 1022
f 1016 1017 1024 1023
f 1017 1018 1025 1024
f 1018 1019 1026 1025
f 1019 1020 1027 1026
f 1021 1022 1029 1028
f 1022 1023 1030 1029
f 1023 1024 1031 1030
f 1024 1025 1032 1031
f 1025 1026 1033 1032
f 1026 1027 1034 1033
f 1028 1029 1036 1035
f 1029 1030 1037 1036
f 1030 1031 1038 1037
f 1031 1032 1039 1038
f 1032 1033 1040 1039
f 1033 1034 1041 1040
f 1035 1036 1043 1042
f 1036 1037 1044 1043
f 1037 1038 1045 1044
f 1038 1039 1046 1045
f 1039 1040 1047 1046
f 1040 1041 1048 1047
f 1042 1043 1050 1049
f 1043 1044 1051 1050
f 1044 1045 1052 1051
f 1045 1046 1053 1052
f 1046 1047 1054 1053
f 1047 1048 1055 1054
f 1049 1050 1057 1056
f 1050 1051 1058 1057
f 1051 1052 1059 1058
f 1052 1053 1060 1059
f 1053 1054 1061 1060
f 1054 1055 1062 1061
f 14 152 1014 223
f 152 151 1015 1014
f 151 150 1016 1015
f 150 149 1017 1016
f 149 148 1018 1017
f 148 147 1019 1018
f 147 146 1020 1019
f 146 13 230 1020
f 1020 230 231 1027
f 1027 231 232 1034
f 1034 232 233 1041
f 1041 233 234 1048
f 1048 234 235 1055
f 1055 235 236 1062
f 1062 236 20 237
f 1061 1062 237 238
f 1060 1061 238 239
f 1059 1060 239 240
f 1058 1059 240 241
f 1057 1058 241 242
f 1056 1057 242 243
f 229 1056 243 19
f 228 1049 1056 229
f 227 1042 1049 228
f 226 1035 1042 227
f 225 1028 1035 226
f 224 1021 1028 225
f 223 1014 1021 224
f 1063 1064 1071 1070
f 1064 1065 1072 1071
f 1065 1066 1073 1072
f 1066 1067 1074 1073
f 1067 1068 1075 1074
f 1068 1069 1076 1075
f 1070 1071 1078 1077
f 1071 1072 1079 1078
f 1072 1073 1080 1079
f 1073 1074 1081 1080
f 1074 1075 1082 1081
f 1075 1076 1083 1082
f 1077 1078 1085 1084
f 1078 1079 1086 1085
f 1079 1080 1087 1086
f 1080 1081 1088 1087
f 1081 1082 1089 1088
f 1082 1083 1090 1089
f 1084 1085 1092 1091
f 1085 1086 1093 1092
f 1086 1087 1094 1093
f 1087 1088 1095 1094
f 1088 1089 1096 1095
f 1089 1090 1097 1096
f 1091 1092 1099 1098
f 1092 1093 1100 1099
f 1093 1094 1101 1100
f 1094 1095 1102 1101
f 1095 1096 1103 1102
f 1096 1097 1104 1103
f 1098 1099 1106 1105
f 1099 1100 1107 1106
f 1100 1101 1108 1107
f 1101 1102 1109 1108
f 1102 1103 1110 1109
f 1103 1104 1111 1110
f 5 89 1063 75
f 89 88 1064 1063
f 88 87 1065 1064
f 87 86 1066 1065
f 86 85 1067 1066
f 85 84 1068 1067
f 84 83 1069 1068
f 83 14 223 1069
f 1069 223 224 1076
f 1076 224 225 1083
f 1083 225 226 1090
f 1090 226 227 1097
f 1097 227 228 1104
f 1104 228 229 1111
f 1111 229 19 244
f 1110 1111 244 245
f 1109 1110 245 246
f 1108 1109 246 247
f 1107 1108 247 248
f 1106 1107 248 249
f 1105 1106 249 250
f 69 1105 250 18
f 70 1098 1105 69
f 71 1091 1098 70
f 72 1084 1091 71
f 73 1077 1084 72
f 74 1070 1077 73
f 75 1063 1070 74
f 1112 1113 1120 1119
f 1113 1114 1121 1120
f 1114 1115 1122 1121
f 1115 1116 1123 1122
f 1116 1117 1124 1123
f 1117 1118 1125 1124
f 1119 1120 1127 1126
f 1120 1121 1128 1127
f 1121 1122 1129 1128
f 1122 1123 1130 1129
f 1123 1124 1131 1130
f 1124 1125 1132 1131
f 1126 1127 1134 1133
f 1127 1128 1135 1134
f 1128 1129 1136 1135
f 1129 1130 1137 1136
f 1130 1131 1138 1137
f 1131 1132 1139 1138
f 1133 1134 1141 1140
f 1134 1135 1142 1141
f 1135 1136 1143 1142
f 1136 1137 1144 1143
f 1137 1138 1145 1144
f 1138 1139 1146 1145
f 1140 1141 1148 1147
f 1141 1142 1149 1148
f 1142 1143 1150 1149
f 1143 1144 1151 1150
f 1144 1145 1152 1151
f 1145 1146 1153 1152
f 1147 1148 1155 1154
f 1148 1149 1156 1155
f 1149 1150 1157 1156
f 1150 1151 1158 1157
f 1151 1152 1159 1158
f 1152 1153 1160 1159
f 13 145 1112 230
f 145 144 1113 1112
f 144 143 1114 1113
f 143 142 1115 1114
f 142 141 1116 1115
f 141 140 1117 1116
f 140 139 1118 1117
f 139 6 209 1118
f 1118 209 210 1125
f 1125 210 211 1132
f 1132 211 212 1139
f 1139 212 213 1146
f 1146 213 214 1153
f 1153 214 215 1160
f 1160 215 17 251
f 1159 1160 251 252
f 1158 1159 252 253
f 1157 1158 253 254
f 1156 1157 254 255
f 1155 1156 255 256
f 1154 1155 256 257
f 236 1154 257 20
f 235 1147 1154 236
f 234 1140 1147 235
f 233 1133 1140 234
f 232 1126 1133 233
f 231 1119 1126 232
f 230 1112 1119 231
f 1161 1162 1169 1168
f 1162 1163 1170 1169
f 1163 1164 1171 1170
f 1164 1165 1172 1171
f 1165 1166 1173 1172
f 1166 1167 1174 1173
f 1168 1169 1176 1175
f 1169 1170 1177 1176
f 1170 1171 1178 1177
f 1171 1172 1179 1178
f 1172 1173 1180 1179
f 1173 1174 1181 1180
f 1175 1176 1183 1182
f 1176 1177 1184 1183
f 1177 1178 1185 1184
f 1178 1179 1186 1185
f 1179 1180 1187 1186
f 1180 1181 1188 1187
f 1182 1183 1190 1189
f 1183 1184 1191 1190
f 1184 1185 1192 1191
f 1185 1186 1193 1192
f 1186 1187 1194 1193
f 1187 1188 1195 1194
f 1189 1190 1197 1196
f 1190 1191 1198 1197
f 1191 1192 1199 1198
f 1192 1193 1200 1199
f 1193 1194 1201 1200
f 1194 1195 1202 1201
f 1196 1197 1204 1203
f 1197 1198 1205 1204
f 1198 1199 1206 1205
f 1199 1200 1207 1206
f 1200 1201 1208 1207
f 1201 1202 1209 1208
f 40 419 1161 474
f 419 420 1162 1161
f 420 421 1163 1162
f 421 422 1164 1163
f 422 423 1165 1164
f 423 424 1166 1165
f 424 425 1167 1166
f 425 31 348 1167
f 1167 348 347 1174
f 1174 347 346 1181
f 1181 346 345 1188
f 1188 345 344 1195
f 1195 344 343 1202
f 1202 343 342 1209
f 1209 342 24 278
f 1208 1209 278 277
f 1207 1208 277 276
f 1206 1207 276 275
f 1205 1206 275 274
f 1204 1205 274 273
f 1203 1204 273 272
f 468 1203 272 37
f 469 1196 1203 468
f 470 1189 1196 469
f 471 1182 1189 470
f 472 1175 1182 471
f 473 1168 1175 472
f 474 1161 1168 473
f 1210 1211 1218 1217
f 1211 1212 1219 1218
f 1212 1213 1220 1219
f 1213 1214 1221 1220
f 1214 1215 1222 1221
f 1215 1216 1223 1222
f 1217 1218 1225 1224
f 1218 1219 1226 1225
f 1219 1220 1227 1226
f 1220 1221 1228 1227
f 1221 1222 1229 1228
f 1222 1223 1230 1229
f 1224 1225 1232 1231
f 1225 1226 1233 1232
f 1226 1227 1234 1233
f 1227 1228 1235 1234
f 1228 1229 1236 1235
f 1229 1230 1237 1236
f 1231 1232 1239 1238
f 1232 1233 1240 1239
f 1233 1234 1241 1240
f 1234 1235 1242 1241
f 1235 1236 1243 1242
f 1236 1237 1244 1243
f 1238 1239 1246 1245
f 1239 1240 1247 1246
f 1240 1241 1248 1247
f 1241 1242 1249 1248
f 1242 1243 1250 1249
f 1243 1244 1251 1250
f 1245 1246 1253 1252
f 1246 1247 1254 1253
f 1247 1248 1255 1254
f 1248 1249 1256 1255
f 1249 1250 1257 1256
f 1250 1251 1258 1257
f 35 405 1210 376
f 405 406 1211 1210
f 406 407 1212 1211
f 407 408 1213 1212
f 408 409 1214 1213
f 409 410 1215 1214
f 410 411 1216 1215
f 411 33 362 1216
f 1216 362 361 1223
f 1223 361 360 1230
f 1230 360 359 1237
f 1237 359 358 1244
f 1244 358 357 1251
f 1251 357 356 1258
f 1258 356 26 299
f 1257 1258 299 298
f 1256 1257 298 297
f 1255 1256 297 296
f 1254 1255 296 295
f 1253 1254 295 294
f 1252 1253 294 293
f 370 1252 293 28
f 371 1245 1252 370
f 372 1238 1245 371
f 373 1231 1238 372
f 374 1224 1231 373
f 375 1217 1224 374
f 376 1210 1217 375
f 1259 1260 1267 1266
f 1260 1261 1268 1267
f 1261 1262 1269 1268
f 1262 1263 1270 1269
f 1263 1264 1271 1270
f 1264 1265 1272 1271
f 1266 1267 1274 1273
f 1267 1268 1275 1274
f 1268 1269 1276 1275
f 1269 1270 1277 1276
f 1270 1271 1278 1277
f 1271 1272 1279 1278
f 1273 1274 1281 1280
f 1274 1275 1282 1281
f 1275 1276 1283 1282
f 1276 1277 1284 1283
f 1277 1278 1285 1284
f 1278 1279 1286 1285
f 1280 1281 1288 1287
f 1281 1282 1289 1288
f 1282 1283 1290 1289
f 1283 1284 1291 1290
f 1284 1285 1292 1291
f 1285 1286 1293 1292
f 1287 1288 1295 1294
f 1288 1289 1296 1295
f 1289 1290 1297 1296
f 1290 1291 1298 1297
f 1291 1292 1299 1298
f 1292 1293 1300 1299
f 1294 1295 1302 1301
f 1295 1296 1303 1302
f 1296 1297 1304 1303
f 1297 1298 1305 1304
f 1298 1299 1306 1305
f 1299 1300 1307 1306
f 30 391 1259 265
f 391 392 1260 1259
f 392 393 1261 1260
f 393 394 1262 1261
f 394 395 1263 1262
f 395 396 1264 1263
f 396 397 1265 1264
f 397 35 376 1265
f 1265 376 375 1272
f 1272 375 374 1279
f 1279 374 373 1286
f 1286 373 372 1293
f 1293 372 371 1300
f 1300 371 370 1307
f 1307 370 28 320
f 1306 1307 320 319
f 1305 1306 319 318
f 1304 1305 318 317
f 1303 1304 317 316
f 1302 1303 316 315
f 1301 1302 315 314
f 271 1301 314 22
f 270 1294 1301 271
f 269 1287 1294 270
f 268 1280 1287 269
f 267 1273 1280 268
f 266 1266 1273 267
f 265 1259 1266 266
f 1308 1309 1316 1315
f 1309 1310 1317 1316
f 1310 1311 1318 1317
f 1311 1312 1319 1318
f 1312 1313 1320 1319
f 1313 1314 1321 1320
f 1315 1316 1323 1322
f 1316 1317 1324 1323
f 1317 1318 1325 1324
f 1318 1319 1326 1325
f 1319 1320 1327 1326
f 1320 1321 1328 1327
f 1322 1323 1330 1329
f 1323 1324 1331 1330
f 1324 1325 1332 1331
f 1325 1326 1333 1332
f 1326 1327 1334 1333
f 1327 1328 1335 1334
f 1329 1330 1337 1336
f 1330 1331 1338 1337
f 1331 1332 1339 1338
f 1332 1333 1340 1339
f 1333 1334 1341 1340
f 1334 1335 1342 1341
f 1336 1337 1344 1343
f 1337 1338 1345 1344
f 1338 1339 1346 1345
f 1339 1340 1347 1346
f 1340 1341 1348 1347
f 1341 1342 1349 1348
f 1343 1344 1351 1350
f 1344 1345 1352 1351
f 1345 1346 1353 1352
f 1346 1347 1354 1353
f 1347 1348 1355 1354
f 1348 1349 1356 1355
f 21 264 1308 328
f 264 263 1309 1308
f 263 262 1310 1309
f 262 261 1311 1310
f 261 260 1312 1311
f 260 259 1313 1312
f 259 258 1314 1313
f 258 27 327 1314
f 1314 327 326 1321
f 1321 326 325 1328
f 1328 325 324 1335
f 1335 324 323 1342
f 1342 323 322 1349
f 1349 322 321 1356
f 1356 321 36 390
f 1355 1356 390 389
f 1354 1355 389 388
f 1353 1354 388 387
f 1352 1353 387 386
f 1351 1352 386 385
f 1350 1351 385 384
f 334 1350 384 29
f 333 1343 1350 334
f 332 1336 1343 333
f 331 1329 1336 332
f 330 1322 1329 331
f 329 1315 1322 330
f 328 1308 1315 329
f 1357 1358 1365 1364
f 1358 1359 1366 1365
f 1359 1360 1367 1366
f 1360 1361 1368 1367
f 1361 1362 1369 1368
f 1362 1363 1370 1369
f 1364 1365 1372 1371
f 1365 1366 1373 1372
f 1366 1367 1374 1373
f 1367 1368 1375 1374
f 1368 1369 1376 1375
f 1369 1370 1377 1376
f 1371 1372 1379 1378
f 1372 1373 1380 1379
f 1373 1374 1381 1380
f 1374 1375 1382 1381
f 1375 1376 1383 1382
f 1376 1377 1384 1383
f 1378 1379 1386 1385
f 1379 1380 1387 1386
f 1380 1381 1388 1387
f 1381 1382 1389 1388
f 1382 1383 1390 1389
f 1383 1384 1391 1390
f 1385 1386 1393 1392
f 1386 1387 1394 1393
f 1387 1388 1395 1394
f 1388 1389 1396 1395
f 1389 1390 1397 1396
f 1390 1391 1398 1397
f 1392 1393 1400 1399
f 1393 1394 1401 1400
f 1394 1395 1402 1401
f 1395 1396 1403 1402
f 1396 1397 1404 1403
f 1397 1398 1405 1404
f 29 384 1357 335
f 384 385 1358 1357
f 385 386 1359 1358
f 386 387 1360 1359
f 387 388 1361 1360
f 388 389 1362 1361
f 389 390 1363 1362
f 390 36 383 1363
f 1363 383 382 1370
f 1370 382 381 1377
f 1377 381 380 1384
f 1384 380 379 1391
f 1391 379 378 1398
f 1398 378 377 1405
f 1405 377 35 397
f 1404 1405 397 396
f 1403 1404 396 395
f 1402 1403 395 394
f 1401 1402 394 393
f 1400 1401 393 392
f 1399 1400 392 391
f 341 1399 391 30
f 340 1392 1399 341
f 339 1385 1392 340
f 338 1378 1385 339
f 337 1371 1378 338
f 336 1364 1371 337
f 335 1357 1364 336
f 1406 1407 1414 1413
f 1407 1408 1415 1414
f 1408 1409 1416 1415
f 1409 1410 1417 1416
f 1410 1411 1418 1417
f 1411 1412 1419 1418
f 1413 1414 1421 1420
f 1414 1415 1422 1421
f 1415 1416 1423 1422
f 1416 1417 1424 1423
f 1417 1418 1425 1424
f 1418 1419 1426 1425
f 1420 1421 1428 1427
f 1421 1422 1429 1428
f 1422 1423 1430 1429
f 1423 1424 1431 1430
f 1424 1425 1432 1431
f 1425 1426 1433 1432
f 1427 1428 1435 1434
f 1428 1429 1436 1435
f 1429 1430 1437 1436
f 1430 1431 1438 1437
f 1431 1432 1439 1438
f 1432 1433 1440 1439
f 1434 1435 1442 1441
f 1435 1436 1443 1442
f 1436 1437 1444 1443
f 1437 1438 1445 1444
f 1438 1439 1446 1445
f 1439 1440 1447 1446
f 1441 1442 1449 1448
f 1442 1443 1450 1449
f 1443 1444 1451 1450
f 1444 1445 1452 1451
f 1445 1446 1453 1452
f 1446 1447 1454 1453
f 27 313 1406 327
f 313 312 1407 1406
f 312 311 1408 1407
f 311 310 1409 1408
f 310 309 1410 1409
f 309 308 1411 1410
f 308 307 1412 1411
f 307 25 306 1412
f 1412 306 305 1419
f 1419 305 304 1426
f 1426 304 303 1433
f 1433 303 302 1440
f 1440 302 301 1447
f 1447 301 300 1454
f 1454 300 34 404
f 1453 1454 404 403
f 1452 1453 403 402
f 1451 1452 402 401
f 1450 1451 401 400
f 1449 1450 400 399
f 1448 1449 399 398
f 321 1448 398 36
f 322 1441 1448 321
f 323 1434 1441 322
f 324 1427 1434 323
f 325 1420 1427 324
f 326 1413 1420 325
f 327 1406 1413 326
f 1455 1456 1463 1462
f 1456 1457 1464 1463
f 1457 1458 1465 1464
f 1458 1459 1466 1465
f 1459 1460 1467 1466
f 1460 1461 1468 1467
f 1462 1463 1470 1469
f 1463 1464 1471 1470
f 1464 1465 1472 1471
f 1465 1466 1473 1472
f 1466 1467 1474 1473
f 1467 1468 1475 1474
f 1469 1470 1477 1476
f 1470 1471 1478 1477
f 1471 1472 1479 1478
f 1472 1473 1480 1479
f 1473 1474 1481 1480
f 1474 1475 1482 1481
f 1476 1477 1484 1483
f 1477 1478 1485 1484
f 1478 1479 1486 1485
f 1479 1480 1487 1486
f 1480 1481 1488 1487
f 1481 1482 1489 1488
f 1483 1484 1491 1490
f 1484 1485 1492 1491
f 1485 1486 1493 1492
f 1486 1487 1494 1493
f 1487 1488 1495 1494
f 1488 1489 1496 1495
f 1490 1491 1498 1497
f 1491 1492 1499 1498
f 1492 1493 1500 1499
f 1493 1494 1501 1500
f 1494 1495 1502 1501
f 1495 1496 1503 1502
f 36 398 1455 383
f 398 399 1456 1455
f 399 400 1457 1456
f 400 401 1458 1457
f 401 402 1459 1458
f 402 403 1460 1459
f 403 404 1461 1460
f 404 34 369 1461
f 1461 369 368 1468
f 1468 368 367 1475
f 1475 367 366 1482
f 1482 366 365 1489
f 1489 365 364 1496
f 1496 364 363 1503
f 1503 363 33 411
f 1502 1503 411 410
f 1501 1502 410 409
f 1500 1501 409 408
f 1499 1500 408 407
f 1498 1499 407 406
f 1497 1498 406 405
f 377 1497 405 35
f 378 1490 1497 377
f 379 1483 1490 378
f 380 1476 1483 379
f 381 1469 1476 380
f 382 1462 1469 381
f 383 1455 1462 382
f 1504 1505 1512 1511
f 1505 1506 1513 1512
f 1506 1507 1514 1513
f 1507 1508 1515 1514
f 1508 1509 1516 1515
f 1509 1510 1517 1516
f 1511 1512 1519 1518
f 1512 1513 1520 1519
f 1513 1514 1521 1520
f 1514 1515 1522 1521
f 1515 1516 1523 1522
f 1516 1517 1524 1523
f 1518 1519 1526 1525
f 1519 1520 1527 1526
f 1520 1521 1528 1527
f 1521 1522 1529 1528
f 1522 1523 1530 1529
f 1523 1524 1531 1530
f 1525 1526 1533 1532
f 1526 1527 1534 1533
f 1527 1528 1535 1534
f 1528 1529 1536 1535
f 1529 1530 1537 1536
f 1530 1531 1538 1537
f 1532 1533 1540 1539
f 1533 1534 1541 1540
f 1534 1535 1542 1541
f 1535 1536 1543 1542
f 1536 1537 1544 1543
f 1537 1538 1545 1544
f 1539 1540 1547 1546
f 1540 1541 1548 1547
f 1541 1542 1549 1548
f 1542 1543 1550 1549
f 1543 1544 1551 1550
f 1544 1545 1552 1551
f 38 439 1504 467
f 439 438 1505 1504
f 438 437 1506 1505
f 437 436 1507 1506
f 436 435 1508 1507
f 435 434 1509 1508
f 434 433 1510 1509
f 433 23 285 1510
f 1510 285 284 1517
f 1517 284 283 1524
f 1524 283 282 1531
f 1531 282 281 1538
f 1538 281 280 1545
f 1545 280 279 1552
f 1552 279 32 418
f 1551 1552 418 417
f 1550 1551 417 416
f 1549 1550 416 415
f 1548 1549 415 414
f 1547 1548 414 413
f 1546 1547 413 412
f 461 1546 412 39
f 462 1539 1546 461
f 463 1532 1539 462
f 464 1525 1532 463
f 465 1518 1525 464
f 466 1511 1518 465
f 467 1504 1511 466
f 1553 1554 1561 1560
f 1554 1555 1562 1561
f 1555 1556 1563 1562
f 1556 1557 1564 1563
f 1557 1558 1565 1564
f 1558 1559 1566 1565
f 1560 1561 1568 1567
f 1561 1562 1569 1568
f 1562 1563 1570 1569
f 1563 1564 1571 1570
f 1564 1565 1572 1571
f 1565 1566 1573 1572
f 1567 1568 1575 1574
f 1568 1569 1576 1575
f 1569 1570 1577 1576
f 1570 1571 1578 1577
f 1571 1572 1579 1578
f 1572 1573 1580 1579
f 1574 1575 1582 1581
f 1575 1576 1583 1582
f 1576 1577 1584 1583
f 1577 1578 1585 1584
f 1578 1579 1586 1585
f 1579 1580 1587 1586
f 1581 1582 1589 1588
f 1582 1583 1590 1589
f 1583 1584 1591 1590
f 1584 1585 1592 1591
f 1585 1586 1593 1592
f 1586 1587 1594 1593
f 1588 1589 1596 1595
f 1589 1590 1597 1596
f 1590 1591 1598 1597
f 1591 1592 1599 1598
f 1592 1593 1600 1599
f 1593 1594 1601 1600
f 39 412 1553 460
f 412 413 1554 1553
f 413 414 1555 1554
f 414 415 1556 1555
f 415 416 1557 1556
f 416 417 1558 1557
f 417 418 1559 1558
f 418 32 355 1559
f 1559 355 354 1566
f 1566 354 353 1573
f 1573 353 352 1580
f 1580 352 351 1587
f 1587 351 350 1594
f 1594 350 349 1601
f 1601 349 31 425
f 1600 1601 425 424
f 1599 1600 424 423
f 1598 1599 423 422
f 1597 1598 422 421
f 1596 1597 421 420
f 1595 1596 420 419
f 454 1595 419 40
f 455 1588 1595 454
f 456 1581 1588 455
f 457 1574 1581 456
f 458 1567 1574 457
f 459 1560 1567 458
f 460 1553 1560 459
f 1602 1603 1610 1609
f 1603 1604 1611 1610
f 1604 1605 1612 1611
f 1605 1606 1613 1612
f 1606 1607 1614 1613
f 1607 1608 1615 1614
f 1609 1610 1617 1616
f 1610 1611 1618 1617
f 1611 1612 1619 1618
f 1612 1613 1620 1619
f 1613 1614 1621 1620
f 1614 1615 1622 1621
f 1616 1617 1624 1623
f 1617 1618 1625 1624
f 1618 1619 1626 1625
f 1619 1620 1627 1626
f 1620 1621 1628 1627
f 1621 1622 1629 1628
f 1623 1624 1631 1630
f 1624 1625 1632 1631
f 1625 1626 1633 1632
f 1626 1627 1634 1633
f 1627 1628 1635 1634
f 1628 1629 1636 1635
f 1630 1631 1638 1637
f 1631 1632 1639 1638
f 1632 1633 1640 1639
f 1633 1634 1641 1640
f 1634 1635 1642 1641
f 1635 1636 1643 1642
f 1637 1638 1645 1644
f 1638 1639 1646 1645
f 1639 1640 1647 1646
f 1640 1641 1648 1647
f 1641 1642 1649 1648
f 1642 1643 1650 1649
f 34 440 1602 369
f 440 441 1603 1602
f 441 442 1604 1603
f 442 443 1605 1604
f 443 444 1606 1605
f 444 445 1607 1606
f 445 446 1608 1607
f 446 39 460 1608
f 1608 460 459 1615
f 1615 459 458 1622
f 1622 458 457 1629
f 1629 457 456 1636
f 1636 456 455 1643
f 1643 455 454 1650
f 1650 454 40 453
f 1649 1650 453 452
f 1648 1649 452 451
f 1647 1648 451 450
f 1646 1647 450 449
f 1645 1646 449 448
f 1644 1645 448 447
f 363 1644 447 33
f 364 1637 1644 363
f 365 1630 1637 364
f 366 1623 1630 365
f 367 1616 1623 366
f 368 1609 1616 367
f 369 1602 1609 368
f 1651 1652 1659 1658
f 1652 1653 1660 1659
f 1653 1654 1661 1660
f 1654 1655 1662 1661
f 1655 1656 1663 1662
f 1656 1657 1664 1663
f 1658 1659 1666 1665
f 1659 1660 1667 1666
f 1660 1661 1668 1667
f 1661 1662 1669 1668
f 1662 1663 1670 1669
f 1663 1664 1671 1670
f 1665 1666 1673 1672
f 1666 1667 1674 1673
f 1667 1668 1675 1674
f 1668 1669 1676 1675
f 1669 1670 1677 1676
f 1670 1671 1678 1677
f 1672 1673 1680 1679
f 1673 1674 1681 1680
f 1674 1675 1682 1681
f 1675 1676 1683 1682
f 1676 1677 1684 1683
f 1677 1678 1685 1684
f 1679 1680 1687 1686
f 1680 1681 1688 1687
f 1681 1682 1689 1688
f 1682 1683 1690 1689
f 1683 1684 1691 1690
f 1684 1685 1692 1691
f 1686 1687 1694 1693
f 1687 1688 1695 1694
f 1688 1689 1696 1695
f 1689 1690 1697 1696
f 1690 1691 1698 1697
f 1691 1692 1699 1698
f 25 292 1651 306
f 292 291 1652 1651
f 291 290 1653 1652
f 290 289 1654 1653
f 289 288 1655 1654
f 288 287 1656 1655
f 287 286 1657 1656
f 286 38 467 1657
f 1657 467 466 1664
f 1664 466 465 1671
f 1671 465 464 1678
f 1678 464 463 1685
f 1685 463 462 1692
f 1692 462 461 1699
f 1699 461 39 446
f 1698 1699 446 445
f 1697 1698 445 444
f 1696 1697 444 443
f 1695 1696 443 442
f 1694 1695 442 441
f 1693 1694 441 440
f 300 1693 440 34
f 301 1686 1693 300
f 302 1679 1686 301
f 303 1672 1679 302
f 304 1665 1672 303
f 305 1658 1665 304
f 306 1651 1658 305
f 1700 1701 1708 1707
f 1701 1702 1709 1708
f 1702 1703 1710 1709
f 1703 1704 1711 1710
f 1704 1705 1712 1711
f 1705 1706 1713 1712
f 1707 1708 1715 1714
f 1708 1709 1716 1715
f 1709 1710 1717 1716
f 1710 1711 1718 1717
f 1711 1712 1719 1718
f 1712 1713 1720 1719
f 1714 1715 1722 1721
f 1715 1716 1723 1722
f 1716 1717 1724 1723
f 1717 1718 1725 1724
f 1718 1719 1726 1725
f 1719 1720 1727 1726
f 1721 1722 1729 1728
f 1722 1723 1730 1729
f 1723 1724 1731 1730
f 1724 1725 1732 1731
f 1725 1726 1733 1732
f 1726 1727 1734 1733
f 1728 1729 1736 1735
f 1729 1730 1737 1736
f 1730 1731 1738 1737
f 1731 1732 1739 1738
f 1732 1733 1740 1739
f 1733 1734 1741 1740
f 1735 1736 1743 1742
f 1736 1737 1744 1743
f 1737 1738 1745 1744
f 1738 1739 1746 1745
f 1739 1740 1747 1746
f 1740 1741 1748 1747
f 33 447 1700 362
f 447 448 1701 1700
f 448 449 1702 1701
f 449 450 1703 1702
f 450 451 1704 1703
f 451 452 1705 1704
f 452 453 1706 1705
f 453 40 474 1706
f 1706 474 473 1713
f 1713 473 472 1720
f 1720 472 471 1727
f 1727 471 470 1734
f 1734 470 469 1741
f 1741 469 468 1748
f 1748 468 37 432
f 1747 1748 432 431
f 1746 1747 431 430
f 1745 1746 430 429
f 1744 1745 429 428
f 1743 1744 428 427
f 1742 1743 427 426
f 356 1742 426 26
f 357 1735 1742 356
f 358 1728 1735 357
f 359 1721 1728 358
f 360 1714 1721 359
f 361 1707 1714 360
f 362 1700 1707 361
f 1749 1750 1757 1756
f 1750 1751 1758 1757
f 1751 1752 1759 1758
f 1752 1753 1760 1759
f 1753 1754 1761 1760
f 1754 1755 1762 1761
f 1756 1757 1764 1763
f 1757 1758 1765 1764
f 1758 1759 1766 1765
f 1759 1760 1767 1766
f 1760 1761 1768 1767
f 1761 1762 1769 1768
f 1763 1764 1771 1770
f 1764 1765 1772 1771
f 1765 1766 1773 1772
f 1766 1767 1774 1773
f 1767 1768 1775 1774
f 1768 1769 1776 1775
f 1770 1771 1778 1777
f 1771 1772 1779 1778
f 1772 1773 1780 1779
f 1773 1774 1781 1780
f 1774 1775 1782 1781
f 1775 1776 1783 1782
f 1777 1778 1785 1784
f 1778 1779 1786 1785
f 1779 1780 1787 1786
f 1780 1781 1788 1787
f 1781 1782 1789 1788
f 1782 1783 1790 1789
f 1784 1785 1792 1791
f 1785 1786 1793 1792
f 1786 1787 1794 1793
f 1787 1788 1795 1794
f 1788 1789 1796 1795
f 1789 1790 1797 1796
f 1 47 1749 475
f 47 46 1750 1749
f 46 45 1751 1750
f 45 44 1752 1751
f 44 43 1753 1752
f 43 42 1754 1753
f 42 41 1755 1754
f 41 7 517 1755
f 1755 517 518 1762
f 1762 518 519 1769
f 1769 519 520 1776
f 1776 520 521 1783
f 1783 521 522 1790
f 1790 522 523 1797
f 1797 523 27 258
f 1796 1797 258 259
f 1795 1796 259 260
f 1794 1795 260 261
f 1793 1794 261 262
f 1792 1793 262 263
f 1791 1792 263 264
f 481 1791 264 21
f 480 1784 1791 481
f 479 1777 1784 480
f 478 1770 1777 479
f 477 1763 1770 478
f 476 1756 1763 477
f 475 1749 1756 476
f 1798 1799 1806 1805
f 1799 1800 1807 1806
f 1800 1801 1808 1807
f 1801 1802 1809 1808
f 1802 1803 1810 1809
f 1803 1804 1811 1810
f 1805 1806 1813 1812
f 1806 1807 1814 1813
f 1807 1808 1815 1814
f 1808 1809 1816 1815
f 1809 1810 1817 1816
f 1810 1811 1818 1817
f 1812 1813 1820 1819
f 1813 1814 1821 1820
f 1814 1815 1822 1821
f 1815 1816 1823 1822
f 1816 1817 1824 1823
f 1817 1818 1825 1824
f 1819 1820 1827 1826
f 1820 1821 1828 1827
f 1821 1822 1829 1828
f 1822 1823 1830 1829
f 1823 1824 1831 1830
f 1824 1825 1832 1831
f 1826 1827 1834 1833
f 1827 1828 1835 1834
f 1828 1829 1836 1835
f 1829 1830 1837 1836
f 1830 1831 1838 1837
f 1831 1832 1839 1838
f 1833 1834 1841 1840
f 1834 1835 1842 1841
f 1835 1836 1843 1842
f 1836 1837 1844 1843
f 1837 1838 1845 1844
f 1838 1839 1846 1845
f 2 54 1798 482
f 54 53 1799 1798
f 53 52 1800 1799
f 52 51 1801 1800
f 51 50 1802 1801
f 50 49 1803 1802
f 49 48 1804 1803
f 48 10 538 1804
f 1804 538 539 1811
f 1811 539 540 1818
f 1818 540 541 1825
f 1825 541 542 1832
f 1832 542 543 1839
f 1839 543 544 1846
f 1846 544 30 265
f 1845 1846 265 266
f 1844 1845 266 267
f 1843 1844 267 268
f 1842 1843 268 269
f 1841 1842 269 270
f 1840 1841 270 271
f 488 1840 271 22
f 487 1833 1840 488
f 486 1826 1833 487
f 485 1819 1826 486
f 484 1812 1819 485
f 483 1805 1812 484
f 482 1798 1805 483
f 1847 1848 1855 1854
f 1848 1849 1856 1855
f 1849 1850 1857 1856
f 1850 1851 1858 1857
f 1851 1852 1859 1858
f 1852 1853 1860 1859
f 1854 1855 1862 1861
f 1855 1856 1863 1862
f 1856 1857 1864 1863
f 1857 1858 1865 1864
f 1858 1859 1866 1865
f 1859 1860 1867 1866
f 1861 1862 1869 1868
f 1862 1863 1870 1869
f 1863 1864 1871 1870
f 1864 1865 1872 1871
f 1865 1866 1873 1872
f 1866 1867 1874 1873
f 1868 1869 1876 1875
f 1869 1870 1877 1876
f 1870 1871 1878 1877
f 1871 1872 1879 1878
f 1872 1873 1880 1879
f 1873 1874 1881 1880
f 1875 1876 1883 1882
f 1876 1877 1884 1883
f 1877 1878 1885 1884
f 1878 1879 1886 1885
f 1879 1880 1887 1886
f 1880 1881 1888 1887
f 1882 1883 1890 1889
f 1883 1884 1891 1890
f 1884 1885 1892 1891
f 1885 1886 1893 1892
f 1886 1887 1894 1893
f 1887 1888 1895 1894
f 4 61 1847 496
f 61 60 1848 1847
f 60 59 1849 1848
f 59 58 1850 1849
f 58 57 1851 1850
f 57 56 1852 1851
f 56 55 1853 1852
f 55 17 559 1853
f 1853 559 560 1860
f 1860 560 561 1867
f 1867 561 562 1874
f 1874 562 563 1881
f 1881 563 564 1888
f 1888 564 565 1895
f 1895 565 37 272
f 1894 1895 272 273
f 1893 1894 273 274
f 1892 1893 274 275
f 1891 1892 275 276
f 1890 1891 276 277
f 1889 1890 277 278
f 502 1889 278 24
f 501 1882 1889 502
f 500 1875 1882 501
f 499 1868 1875 500
f 498 1861 1868 499
f 497 1854 1861 498
f 496 1847 1854 497
f 1896 1897 1904 1903
f 1897 1898 1905 1904
f 1898 1899 1906 1905
f 1899 1900 1907 1906
f 1900 1901 1908 1907
f 1901 1902 1909 1908
f 1903 1904 1911 1910
f 1904 1905 1912 1911
f 1905 1906 1913 1912
f 1906 1907 1914 1913
f 1907 1908 1915 1914
f 1908 1909 1916 1915
f 1910 1911 1918 1917
f 1911 1912 1919 1918
f 1912 1913 1920 1919
f 1913 1914 1921 1920
f 1914 1915 1922 1921
f 1915 1916 1923 1922
f 1917 1918 1925 1924
f 1918 1919 1926 1925
f 1919 1920 1927 1926
f 1920 1921 1928 1927
f 1921 1922 1929 1928
f 1922 1923 1930 1929
f 1924 1925 1932 1931
f 1925 1926 1933 1932
f 1926 1927 1934 1933
f 1927 1928 1935 1934
f 1928 1929 1936 1935
f 1929 1930 1937 1936
f 1931 1932 1939 1938
f 1932 1933 1940 1939
f 1933 1934 1941 1940
f 1934 1935 1942 1941
f 1935 1936 1943 1942
f 1936 1937 1944 1943
f 3 68 1896 489
f 68 67 1897 1896
f 67 66 1898 1897
f 66 65 1899 1898
f 65 64 1900 1899
f 64 63 1901 1900
f 63 62 1902 1901
f 62 12 552 1902
f 1902 552 553 1909
f 1909 553 554 1916
f 1916 554 555 1923
f 1923 555 556 1930
f 1930 556 557 1937
f 1937 557 558 1944
f 1944 558 32 279
f 1943 1944 279 280
f 1942 1943 280 281
f 1941 1942 281 282
f 1940 1941 282 283
f 1939 1940 283 284
f 1938 1939 284 285
f 495 1938 285 23
f 494 1931 1938 495
f 493 1924 1931 494
f 492 1917 1924 493
f 491 1910 1917 492
f 490 1903 1910 491
f 489 1896 1903 490
f 1945 1946 1953 1952
f 1946 1947 1954 1953
f 1947 1948 1955 1954
f 1948 1949 1956 1955
f 1949 1950 1957 1956
f 1950 1951 1958 1957
f 1952 1953 1960 1959
f 1953 1954 1961 1960
f 1954 1955 1962 1961
f 1955 1956 1963 1962
f 1956 1957 1964 1963
f 1957 1958 1965 1964
f 1959 1960 1967 1966
f 1960 1961 1968 1967
f 1961 1962 1969 1968
f 1962 1963 1970 1969
f 1963 1964 1971 1970
f 1964 1965 1972 1971
f 1966 1967 1974 1973
f 1967 1968 1975 1974
f 1968 1969 1976 1975
f 1969 1970 1977 1976
f 1970 1971 1978 1977
f 1971 1972 1979 1978
f 1973 1974 1981 1980
f 1974 1975 1982 1981
f 1975 1976 1983 1982
f 1976 1977 1984 1983
f 1977 1978 1985 1984
f 1978 1979 1986 1985
f 1980 1981 1988 1987
f 1981 1982 1989 1988
f 1982 1983 1990 1989
f 1983 1984 1991 1990
f 1984 1985 1992 1991
f 1985 1986 1993 1992
f 5 75 1945 503
f 75 74 1946 1945
f 74 73 1947 1946
f 73 72 1948 1947
f 72 71 1949 1948
f 71 70 1950 1949
f 70 69 1951 1950
f 69 18 566 1951
f 1951 566 567 1958
f 1958 567 568 1965
f 1965 568 569 1972
f 1972 569 570 1979
f 1979 570 571 1986
f 1986 571 572 1993
f 1993 572 38 286
f 1992 1993 286 287
f 1991 1992 287 288
f 1990 1991 288 289
f 1989 1990 289 290
f 1988 1989 290 291
f 1987 1988 291 292
f 509 1987 292 25
f 508 1980 1987 509
f 507 1973 1980 508
f 506 1966 1973 507
f 505 1959 1966 506
f 504 1952 1959 505
f 503 1945 1952 504
f 1994 1995 2002 2001
f 1995 1996 2003 2002
f 1996 1997 2004 2003
f 1997 1998 2005 2004
f 1998 1999 2006 2005
f 1999 2000 2007 2006
f 2001 2002 2009 2008
f 2002 2003 2010 2009
f 2003 2004 2011 2010
f 2004 2005 2012 2011
f 2005 2006 2013 2012
f 2006 2007 2014 2013
f 2008 2009 2016 2015
f 2009 2010 2017 2016
f 2010 2011 2018 2017
f 2011 2012 2019 2018
f 2012 2013 2020 2019
f 2013 2014 2021 2020
f 2015 2016 2023 2022
f 2016 2017 2024 2023
f 2017 2018 2025 2024
f 2018 2019 2026 2025
f 2019 2020 2027 2026
f 2020 2021 2028 2027
f 2022 2023 2030 2029
f 2023 2024 2031 2030
f 2024 2025 2032 2031
f 2025 2026 2033 2032
f 2026 2027 2034 2033
f 2027 2028 2035 2034
f 2029 2030 2037 2036
f 2030 2031 2038 2037
f 2031 2032 2039 2038
f 2032 2033 2040 2039
f 2033 2034 2041 2040
f 2034 2035 2042 2041
f 6 82 1994 510
f 82 81 1995 1994
f 81 80 1996 1995
f 80 79 1997 1996
f 79 78 1998 1997
f 78 77 1999 1998
f 77 76 2000 1999
f 76 8 524 2000
f 2000 524 525 2007
f 2007 525 526 2014
f 2014 526 527 2021
f 2021 527 528 2028
f 2028 528 529 2035
f 2035 529 530 2042
f 2042 530 28 293
f 2041 2042 293 294
f 2040 2041 294 295
f 2039 2040 295 296
f 2038 2039 296 297
f 2037 2038 297 298
f 2036 2037 298 299
f 516 2036 299 26
f 515 2029 2036 516
f 514 2022 2029 515
f 513 2015 2022 514
f 512 2008 2015 513
f 511 2001 2008 512
f 510 1994 2001 511
f 2043 2044 2051 2050
f 2044 2045 2052 2051
f 2045 2046 2053 2052
f 2046 2047 2054 2053
f 2047 2048 2055 2054
f 2048 2049 2056 2055
f 2050 2051 2058 2057
f 2051 2052 2059 2058
f 2052 2053 2060 2059
f 2053 2054 2061 2060
f 2054 2055 2062 2061
f 2055 2056 2063 2062
f 2057 2058 2065 2064
f 2058 2059 2066 2065
f 2059 2060 2067 2066
f 2060 2061 2068 2067
f 2061 2062 2069 2068
f 2062 2063 2070 2069
f 2064 2065 2072 2071
f 2065 2066 2073 2072
f 2066 2067 2074 2073
f 2067 2068 2075 2074
f 2068 2069 2076 2075
f 2069 2070 2077 2076
f 2071 2072 2079 2078
f 2072 2073 2080 2079
f 2073 2074 2081 2080
f 2074 2075 2082 2081
f 2075 2076 2083 2082
f 2076 2077 2084 2083
f 2078 2079 2086 2085
f 2079 2080 2087 2086
f 2080 2081 2088 2087
f 2081 2082 2089 2088
f 2082 2083 2090 2089
f 2083 2084 2091 2090
f 7 96 2043 517
f 96 95 2044 2043
f 95 94 2045 2044
f 94 93 2046 2045
f 93 92 2047 2046
f 92 91 2048 2047
f 91 90 2049 2048
f 90 5 503 2049
f 2049 503 504 2056
f 2056 504 505 2063
f 2063 505 506 2070
f 2070 506 507 2077
f 2077 507 508 2084
f 2084 508 509 2091
f 2091 509 25 307
f 2090 2091 307 308
f 2089 2090 308 309
f 2088 2089 309 310
f 2087 2088 310 311
f 2086 2087 311 312
f 2085 2086 312 313
f 523 2085 313 27
f 522 2078 2085 523
f 521 2071 2078 522
f 520 2064 2071 521
f 519 2057 2064 520
f 518 2050 2057 519
f 517 2043 2050 518
f 2092 2093 2100 2099
f 2093 2094 2101 2100
f 2094 2095 2102 2101
f 2095 2096 2103 2102
f 2096 2097 2104 2103
f 2097 2098 2105 2104
f 2099 2100 2107 2106
f 2100 2101 2108 2107
f 2101 2102 2109 2108
f 2102 2103 2110 2109
f 2103 2104 2111 2110
f 2104 2105 2112 2111
f 2106 2107 2114 2113
f 2107 2108 2115 2114
f 2108 2109 2116 2115
f 2109 2110 2117 2116
f 2110 2111 2118 2117
f 2111 2112 2119 2118
f 2113 2114 2121 2120
f 2114 2115 2122 2121
f 2115 2116 2123 2122
f 2116 2117 2124 2123
f 2117 2118 2125 2124
f 2118 2119 2126 2125
f 2120 2121 2128 2127
f 2121 2122 2129 2128
f 2122 2123 2130 2129
f 2123 2124 2131 2130
f 2124 2125 2132 2131
f 2125 2126 2133 2132
f 2127 2128 2135 2134
f 2128 2129 2136 2135
f 2129 2130 2137 2136
f 2130 2131 2138 2137
f 2131 2132 2139 2138
f 2132 2133 2140 2139
f 8 103 2092 524
f 103 102 2093 2092
f 102 101 2094 2093
f 101 100 2095 2094
f 100 99 2096 2095
f 99 98 2097 2096
f 98 97 2098 2097
f 97 2 482 2098
f 2098 482 483 2105
f 2105 483 484 2112
f 2112 484 485 2119
f 2119 485 486 2126
f 2126 486 487 2133
f 2133 487 488 2140
f 2140 488 22 314
f 2139 2140 314 315
f 2138 2139 315 316
f 2137 2138 316 317
f 2136 2137 317 318
f 2135 2136 318 319
f 2134 2135 319 320
f 530 2134 320 28
f 529 2127 2134 530
f 528 2120 2127 529
f 527 2113 2120 528
f 526 2106 2113 527
f 525 2099 2106 526
f 524 2092 2099 525
f 2141 2142 2149 2148
f 2142 2143 2150 2149
f 2143 2144 2151 2150
f 2144 2145 2152 2151
f 2145 2146 2153 2152
f 2146 2147 2154 2153
f 2148 2149 2156 2155
f 2149 2150 2157 2156
f 2150 2151 2158 2157
f 2151 2152 2159 2158
f 2152 2153 2160 2159
f 2153 2154 2161 2160
f 2155 2156 2163 2162
f 2156 2157 2164 2163
f 2157 2158 2165 2164
f 2158 2159 2166 2165
f 2159 2160 2167 2166
f 2160 2161 2168 2167
f 2162 2163 2170 2169
f 2163 2164 2171 2170
f 2164 2165 2172 2171
f 2165 2166 2173 2172
f 2166 2167 2174 2173
f 2167 2168 2175 2174
f 2169 2170 2177 2176
f 2170 2171 2178 2177
f 2171 2172 2179 2178
f 2172 2173 2180 2179
f 2173 2174 2181 2180
f 2174 2175 2182 2181
f 2176 2177 2184 2183
f 2177 2178 2185 2184
f 2178 2179 2186 2185
f 2179 2180 2187 2186
f 2180 2181 2188 2187
f 2181 2182 2189 2188
f 9 117 2141 531
f 117 116 2142 2141
f 116 115 2143 2142
f 115 114 2144 2143
f 114 113 2145 2144
f 113 112 2146 2145
f 112 111 2147 2146
f 111 1 475 2147
f 2147 475 476 2154
f 2154 476 477 2161
f 2161 477 478 2168
f 2168 478 479 2175
f 2175 479 480 2182
f 2182 480 481 2189
f 2189 481 21 328
f 2188 2189 328 329
f 2187 2188 329 330
f 2186 2187 330 331
f 2185 2186 331 332
f 2184 2185 332 333
f 2183 2184 333 334
f 537 2183 334 29
f 536 2176 2183 537
f 535 2169 2176 536
f 534 2162 2169 535
f 533 2155 2162 534
f 532 2148 2155 533
f 531 2141 2148 532
f 2190 2191 2198 2197
f 2191 2192 2199 2198
f 2192 2193 2200 2199
f 2193 2194 2201 2200
f 2194 2195 2202 2201
f 2195 2196 2203 2202
f 2197 2198 2205 2204
f 2198 2199 2206 2205
f 2199 2200 2207 2206
f 2200 2201 2208 2207
f 2201 2202 2209 2208
f 2202 2203 2210 2209
f 2204 2205 2212 2211
f 2205 2206 2213 2212
f 2206 2207 2214 2213
f 2207 2208 2215 2214
f 2208 2209 2216 2215
f 2209 2210 2217 2216
f 2211 2212 2219 2218
f 2212 2213 2220 2219
f 2213 2214 2221 2220
f 2214 2215 2222 2221
f 2215 2216 2223 2222
f 2216 2217 2224 2223
f 2218 2219 2226 2225
f 2219 2220 2227 2226
f 2220 2221 2228 2227
f 2221 2222 2229 2228
f 2222 2223 2230 2229
f 2223 2224 2231 2230
f 2225 2226 2233 2232
f 2226 2227 2234 2233
f 2227 2228 2235 2234
f 2228 2229 2236 2235
f 2229 2230 2237 2236
f 2230 2231 2238 2237
f 10 124 2190 538
f 124 123 2191 2190
f 123 122 2192 2191
f 122 121 2193 2192
f 121 120 2194 2193
f 120 119 2195 2194
f 119 118 2196 2195
f 118 9 531 2196
f 2196 531 532 2203
f 2203 532 533 2210
f 2210 533 534 2217
f 2217 534 535 2224
f 2224 535 536 2231
f 2231 536 537 2238
f 2238 537 29 335
f 2237 2238 335 336
f 2236 2237 336 337
f 2235 2236 337 338
f 2234 2235 338 339
f 2233 2234 339 340
f 2232 2233 340 341
f 544 2232 341 30
f 543 2225 2232 544
f 542 2218 2225 543
f 541 2211 2218 542
f 540 2204 2211 541
f 539 2197 2204 540
f 538 2190 2197 539
f 2239 2240 2247 2246
f 2240 2241 2248 2247
f 2241 2242 2249 2248
f 2242 2243 2250 2249
f 2243 2244 2251 2250
f 2244 2245 2252 2251
f 2246 2247 2254 2253
f 2247 2248 2255 2254
f 2248 2249 2256 2255
f 2249 2250 2257 2256
f 2250 2251 2258 2257
f 2251 2252 2259 2258
f 2253 2254 2261 2260
f 2254 2255 2262 2261
f 2255 2256 2263 2262
f 2256 2257 2264 2263
f 2257 2258 2265 2264
f 2258 2259 2266 2265
f 2260 2261 2268 2267
f 2261 2262 2269 2268
f 2262 2263 2270 2269
f 2263 2264 2271 2270
f 2264 2265 2272 2271
f 2265 2266 2273 2272
f 2267 2268 2275 2274
f 2268 2269 2276 2275
f 2269 2270 2277 2276
f 2270 2271 2278 2277
f 2271 2272 2279 2278
f 2272 2273 2280 2279
f 2274 2275 2282 2281
f 2275 2276 2283 2282
f 2276 2277 2284 2283
f 2277 2278 2285 2284
f 2278 2279 2286 2285
f 2279 2280 2287 2286
f 11 131 2239 545
f 131 130 2240 2239
f 130 129 2241 2240
f 129 128 2242 2241
f 128 127 2243 2242
f 127 126 2244 2243
f 126 125 2245 2244
f 125 4 496 2245
f 2245 496 497 2252
f 2252 497 498 2259
f 2259 498 499 2266
f 2266 499 500 2273
f 2273 500 501 2280
f 2280 501 502 2287
f 2287 502 24 342
f 2286 2287 342 343
f 2285 2286 343 344
f 2284 2285 344 345
f 2283 2284 345 346
f 2282 2283 346 347
f 2281 2282 347 348
f 551 2281 348 31
f 550 2274 2281 551
f 549 2267 2274 550
f 548 2260 2267 549
f 547 2253 2260 548
f 546 2246 2253 547
f 545 2239 2246 546
f 2288 2289 2296 2295
f 2289 2290 2297 2296
f 2290 2291 2298 2297
f 2291 2292 2299 2298
f 2292 2293 2300 2299
f 2293 2294 2301 2300
f 2295 2296 2303 2302
f 2296 2297 2304 2303
f 2297 2298 2305 2304
f 2298 2299 2306 2305
f 2299 2300 2307 2306
f 2300 2301 2308 2307
f 2302 2303 2310 2309
f 2303 2304 2311 2310
f 2304 2305 2312 2311
f 2305 2306 2313 2312
f 2306 2307 2314 2313
f 2307 2308 2315 2314
f 2309 2310 2317 2316
f 2310 2311 2318 2317
f 2311 2312 2319 2318
f 2312 2313 2320 2319
f 2313 2314 2321 2320
f 2314 2315 2322 2321
f 2316 2317 2324 2323
f 2317 2318 2325 2324
f 2318 2319 2326 2325
f 2319 2320 2327 2326
f 2320 2321 2328 2327
f 2321 2322 2329 2328
f 2323 2324 2331 2330
f 2324 2325 2332 2331
f 2325 2326 2333 2332
f 2326 2327 2334 2333
f 2327 2328 2335 2334
f 2328 2329 2336 2335
f 12 138 2288 552
f 138 137 2289 2288
f 137 136 2290 2289
f 136 135 2291 2290
f 135 134 2292 2291
f 134 133 2293 2292
f 133 132 2294 2293
f 132 11 545 2294
f 2294 545 546 2301
f 2301 546 547 2308
f 2308 547 548 2315
f 2315 548 549 2322
f 2322 549 550 2329
f 2329 550 551 2336
f 2336 551 31 349
f 2335 2336 349 350
f 2334 2335 350 351
f 2333 2334 351 352
f 2332 2333 352 353
f 2331 2332 353 354
f 2330 2331 354 355
f 558 2330 355 32
f 557 2323 2330 558
f 556 2316 2323 557
f 555 2309 2316 556
f 554 2302 2309 555
f 553 2295 2302 554
f 552 2288 2295 553
f 2337 2338 2345 2344
f 2338 2339 2346 2345
f 2339 2340 2347 2346
f 2340 2341 2348 2347
f 2341 2342 2349 2348
f 2342 2343 2350 2349
f 2344 2345 2352 2351
f 2345 2346 2353 2352
f 2346 2347 2354 2353
f 2347 2348 2355 2354
f 2348 2349 2356 2355
f 2349 2350 2357 2356
f 2351 2352 2359 2358
f 2352 2353 2360 2359
f 2353 2354 2361 2360
f 2354 2355 2362 2361
f 2355 2356 2363 2362
f 2356 2357 2364 2363
f 2358 2359 2366 2365
f 2359 2360 2367 2366
f 2360 2361 2368 2367
f 2361 2362 2369 2368
f 2362 2363 2370 2369
f 2363 2364 2371 2370
f 2365 2366 2373 2372
f 2366 2367 2374 2373
f 2367 2368 2375 2374
f 2368 2369 2376 2375
f 2369 2370 2377 2376
f 2370 2371 2378 2377
f 2372 2373 2380 2379
f 2373 2374 2381 2380
f 2374 2375 2382 2381
f 2375 2376 2383 2382
f 2376 2377 2384 2383
f 2377 2378 2385 2384
f 17 215 2337 559
f 215 214 2338 2337
f 214 213 2339 2338
f 213 212 2340 2339
f 212 211 2341 2340
f 211 210 2342 2341
f 210 209 2343 2342
f 209 6 510 2343
f 2343 510 511 2350
f 2350 511 512 2357
f 2357 512 513 2364
f 2364 513 514 2371
f 2371 514 515 2378
f 2378 515 516 2385
f 2385 516 26 426
f 2384 2385 426 427
f 2383 2384 427 428
f 2382 2383 428 429
f 2381 2382 429 430
f 2380 2381 430 431
f 2379 2380 431 432
f 565 2379 432 37
f 564 2372 2379 565
f 563 2365 2372 564
f 562 2358 2365 563
f 561 2351 2358 562
f 560 2344 2351 561
f 559 2337 2344 560
f 2386 2387 2394 2393
f 2387 2388 2395 2394
f 2388 2389 2396 2395
f 2389 2390 2397 2396
f 2390 2391 2398 2397
f 2391 2392 2399 2398
f 2393 2394 2401 2400
f 2394 2395 2402 2401
f 2395 2396 2403 2402
f 2396 2397 2404 2403
f 2397 2398 2405 2404
f 2398 2399 2406 2405
f 2400 2401 2408 2407
f 2401 2402 2409 2408
f 2402 2403 2410 2409
f 2403 2404 2411 2410
f 2404 2405 2412 2411
f 2405 2406 2413 2412
f 2407 2408 2415 2414
f 2408 2409 2416 2415
f 2409 2410 2417 2416
f 2410 2411 2418 2417
f 2411 2412 2419 2418
f 2412 2413 2420 2419
f 2414 2415 2422 2421
f 2415 2416 2423 2422
f 2416 2417 2424 2423
f 2417 2418 2425 2424
f 2418 2419 2426 2425
f 2419 2420 2427 2426
f 2421 2422 2429 2428
f 2422 2423 2430 2429
f 2423 2424 2431 2430
f 2424 2425 2432 2431
f 2425 2426 2433 2432
f 2426 2427 2434 2433
f 18 222 2386 566
f 222 221 2387 2386
f 221 220 2388 2387
f 220 219 2389 2388
f 219 218 2390 2389
f 218 217 2391 2390
f 217 216 2392 2391
f 216 3 489 2392
f 2392 489 490 2399
f 2399 490 491 2406
f 2406 491 492 2413
f 2413 492 493 2420
f 2420 493 494 2427
f 2427 494 495 2434
f 2434 495 23 433
f 2433 2434 433 434
f 2432 2433 434 435
f 2431 2432 435 436
f 2430 2431 436 437
f 2429 2430 437 438
f 2428 2429 438 439
f 572 2428 439 38
f 571 2421 2428 572
f 570 2414 2421 571
f 569 2407 2414 570
f 568 2400 2407 569
f 567 2393 2400 568
f 566 2386 2393 567
